q_str,t_str,a_str
合规性风险的定义是什么？,<triple id=2> 合规性风险	含义	公司在业务评审及执行过程中，因违反国资委及中国宝武相关禁令，而被问责或发生重大财务损失的风险。,<answer id=2> 公司在业务评审及执行过程中，因违反国资委及中国宝武相关禁令，而被问责或发生重大财务损失的风险。
合规性风险是什么意思？,<triple id=3> 合规性风险	含义	公司在业务评审及执行过程中，因违反国资委及中国宝武相关禁令，而被问责或发生重大财务损失的风险。,<answer id=3> 公司在业务评审及执行过程中，因违反国资委及中国宝武相关禁令，而被问责或发生重大财务损失的风险。
合规性风险代表什么？,<triple id=4> 合规性风险	含义	公司在业务评审及执行过程中，因违反国资委及中国宝武相关禁令，而被问责或发生重大财务损失的风险。,<answer id=4> 公司在业务评审及执行过程中，因违反国资委及中国宝武相关禁令，而被问责或发生重大财务损失的风险。
怎么解释合规性风险？,<triple id=6> 合规性风险	含义	公司在业务评审及执行过程中，因违反国资委及中国宝武相关禁令，而被问责或发生重大财务损失的风险。,<answer id=6> 公司在业务评审及执行过程中，因违反国资委及中国宝武相关禁令，而被问责或发生重大财务损失的风险。
合规性风险是什么等级的风险？,<triple id=9> 合规性风险	风险等级	高,<answer id=9> 高
业务人员职业素养的定义是什么？,<triple id=11> 业务人员职业素养	含义	由于对产品了解不充分、对钢铁市场不熟悉，营销人员开展业务所带来的经营风险、道德风险。,<answer id=11> 由于对产品了解不充分、对钢铁市场不熟悉，营销人员开展业务所带来的经营风险、道德风险。
业务人员职业素养是什么意思？,<triple id=12> 业务人员职业素养	含义	由于对产品了解不充分、对钢铁市场不熟悉，营销人员开展业务所带来的经营风险、道德风险。,<answer id=12> 由于对产品了解不充分、对钢铁市场不熟悉，营销人员开展业务所带来的经营风险、道德风险。
业务人员职业素养代表什么？,<triple id=13> 业务人员职业素养	含义	由于对产品了解不充分、对钢铁市场不熟悉，营销人员开展业务所带来的经营风险、道德风险。,<answer id=13> 由于对产品了解不充分、对钢铁市场不熟悉，营销人员开展业务所带来的经营风险、道德风险。
业务人员职业素养指什么？,<triple id=14> 业务人员职业素养	含义	由于对产品了解不充分、对钢铁市场不熟悉，营销人员开展业务所带来的经营风险、道德风险。,<answer id=14> 由于对产品了解不充分、对钢铁市场不熟悉，营销人员开展业务所带来的经营风险、道德风险。
怎么解释业务人员职业素养？,<triple id=15> 业务人员职业素养	含义	由于对产品了解不充分、对钢铁市场不熟悉，营销人员开展业务所带来的经营风险、道德风险。,<answer id=15> 由于对产品了解不充分、对钢铁市场不熟悉，营销人员开展业务所带来的经营风险、道德风险。
怎么理解业务人员职业素养？,<triple id=16> 业务人员职业素养	含义	由于对产品了解不充分、对钢铁市场不熟悉，营销人员开展业务所带来的经营风险、道德风险。,<answer id=16> 由于对产品了解不充分、对钢铁市场不熟悉，营销人员开展业务所带来的经营风险、道德风险。
业务人员职业素养的风险等级是多少？,<triple id=17> 业务人员职业素养	风险等级	中,<answer id=17> 中
业务人员职业素养是什么等级的风险？,<triple id=18> 业务人员职业素养	风险等级	中,<answer id=18> 中
市场情报收集的含义是什么？,<triple id=19> 市场情报收集	含义	由于对市场行情、钢厂情况了解不充分，给公司经营带来风险。,<answer id=19> 由于对市场行情、钢厂情况了解不充分，给公司经营带来风险。
市场情报收集是什么意思？,<triple id=21> 市场情报收集	含义	由于对市场行情、钢厂情况了解不充分，给公司经营带来风险。,<answer id=21> 由于对市场行情、钢厂情况了解不充分，给公司经营带来风险。
市场情报收集指什么？,<triple id=23> 市场情报收集	含义	由于对市场行情、钢厂情况了解不充分，给公司经营带来风险。,<answer id=23> 由于对市场行情、钢厂情况了解不充分，给公司经营带来风险。
怎么解释市场情报收集？,<triple id=24> 市场情报收集	含义	由于对市场行情、钢厂情况了解不充分，给公司经营带来风险。,<answer id=24> 由于对市场行情、钢厂情况了解不充分，给公司经营带来风险。
怎么理解市场情报收集？,<triple id=25> 市场情报收集	含义	由于对市场行情、钢厂情况了解不充分，给公司经营带来风险。,<answer id=25> 由于对市场行情、钢厂情况了解不充分，给公司经营带来风险。
市场情报收集的风险等级是多少？,<triple id=26> 市场情报收集	风险等级	中,<answer id=26> 中
市场情报收集是什么等级的风险？,<triple id=27> 市场情报收集	风险等级	中,<answer id=27> 中
供应商资质及资信材料的含义是什么？,<triple id=28> 供应商资质及资信材料	含义	由于尽调不充分，导致与资质较差的供应商开展业务所带来的经营风险。,<answer id=28> 由于尽调不充分，导致与资质较差的供应商开展业务所带来的经营风险。
供应商资质及资信材料的定义是什么？,<triple id=29> 供应商资质及资信材料	含义	由于尽调不充分，导致与资质较差的供应商开展业务所带来的经营风险。,<answer id=29> 由于尽调不充分，导致与资质较差的供应商开展业务所带来的经营风险。
供应商资质及资信材料代表什么？,<triple id=31> 供应商资质及资信材料	含义	由于尽调不充分，导致与资质较差的供应商开展业务所带来的经营风险。,<answer id=31> 由于尽调不充分，导致与资质较差的供应商开展业务所带来的经营风险。
供应商资质及资信材料指什么？,<triple id=32> 供应商资质及资信材料	含义	由于尽调不充分，导致与资质较差的供应商开展业务所带来的经营风险。,<answer id=32> 由于尽调不充分，导致与资质较差的供应商开展业务所带来的经营风险。
怎么理解供应商资质及资信材料？,<triple id=34> 供应商资质及资信材料	含义	由于尽调不充分，导致与资质较差的供应商开展业务所带来的经营风险。,<answer id=34> 由于尽调不充分，导致与资质较差的供应商开展业务所带来的经营风险。
统购分销供方准入的含义是什么？,<triple id=37> 统购分销供方准入	含义	由于供应商的选择不当导致源头风险，形成后续交付、发票、质量等一系列潜在业务风险。,<answer id=37> 由于供应商的选择不当导致源头风险，形成后续交付、发票、质量等一系列潜在业务风险。
统购分销供方准入的定义是什么？,<triple id=38> 统购分销供方准入	含义	由于供应商的选择不当导致源头风险，形成后续交付、发票、质量等一系列潜在业务风险。,<answer id=38> 由于供应商的选择不当导致源头风险，形成后续交付、发票、质量等一系列潜在业务风险。
统购分销供方准入是什么意思？,<triple id=39> 统购分销供方准入	含义	由于供应商的选择不当导致源头风险，形成后续交付、发票、质量等一系列潜在业务风险。,<answer id=39> 由于供应商的选择不当导致源头风险，形成后续交付、发票、质量等一系列潜在业务风险。
统购分销供方准入代表什么？,<triple id=40> 统购分销供方准入	含义	由于供应商的选择不当导致源头风险，形成后续交付、发票、质量等一系列潜在业务风险。,<answer id=40> 由于供应商的选择不当导致源头风险，形成后续交付、发票、质量等一系列潜在业务风险。
统购分销供方准入指什么？,<triple id=41> 统购分销供方准入	含义	由于供应商的选择不当导致源头风险，形成后续交付、发票、质量等一系列潜在业务风险。,<answer id=41> 由于供应商的选择不当导致源头风险，形成后续交付、发票、质量等一系列潜在业务风险。
怎么解释统购分销供方准入？,<triple id=42> 统购分销供方准入	含义	由于供应商的选择不当导致源头风险，形成后续交付、发票、质量等一系列潜在业务风险。,<answer id=42> 由于供应商的选择不当导致源头风险，形成后续交付、发票、质量等一系列潜在业务风险。
统购分销供方准入的风险等级是多少？,<triple id=44> 统购分销供方准入	风险等级	中,<answer id=44> 中
统购分销供方准入是什么等级的风险？,<triple id=45> 统购分销供方准入	风险等级	中,<answer id=45> 中
客户管理的含义是什么？,<triple id=46> 客户管理	含义	由于公司对客户服务工作管理不到位，导致客户对公司的满意度低，造成客户流失的风险。,<answer id=46> 由于公司对客户服务工作管理不到位，导致客户对公司的满意度低，造成客户流失的风险。
客户管理是什么意思？,<triple id=48> 客户管理	含义	由于公司对客户服务工作管理不到位，导致客户对公司的满意度低，造成客户流失的风险。,<answer id=48> 由于公司对客户服务工作管理不到位，导致客户对公司的满意度低，造成客户流失的风险。
客户管理代表什么？,<triple id=49> 客户管理	含义	由于公司对客户服务工作管理不到位，导致客户对公司的满意度低，造成客户流失的风险。,<answer id=49> 由于公司对客户服务工作管理不到位，导致客户对公司的满意度低，造成客户流失的风险。
怎么解释客户管理？,<triple id=51> 客户管理	含义	由于公司对客户服务工作管理不到位，导致客户对公司的满意度低，造成客户流失的风险。,<answer id=51> 由于公司对客户服务工作管理不到位，导致客户对公司的满意度低，造成客户流失的风险。
怎么理解客户管理？,<triple id=52> 客户管理	含义	由于公司对客户服务工作管理不到位，导致客户对公司的满意度低，造成客户流失的风险。,<answer id=52> 由于公司对客户服务工作管理不到位，导致客户对公司的满意度低，造成客户流失的风险。
客户管理的风险等级是多少？,<triple id=53> 客户管理	风险等级	低,<answer id=53> 低
客户管理是什么等级的风险？,<triple id=54> 客户管理	风险等级	低,<answer id=54> 低
系统开户的定义是什么？,<triple id=56> 系统开户	含义	客商提供的开户资料不完整，导致后续合同执行过程中业务中断，引起用户体验差的风险。,<answer id=56> 客商提供的开户资料不完整，导致后续合同执行过程中业务中断，引起用户体验差的风险。
系统开户代表什么？,<triple id=58> 系统开户	含义	客商提供的开户资料不完整，导致后续合同执行过程中业务中断，引起用户体验差的风险。,<answer id=58> 客商提供的开户资料不完整，导致后续合同执行过程中业务中断，引起用户体验差的风险。
系统开户指什么？,<triple id=59> 系统开户	含义	客商提供的开户资料不完整，导致后续合同执行过程中业务中断，引起用户体验差的风险。,<answer id=59> 客商提供的开户资料不完整，导致后续合同执行过程中业务中断，引起用户体验差的风险。
怎么解释系统开户？,<triple id=60> 系统开户	含义	客商提供的开户资料不完整，导致后续合同执行过程中业务中断，引起用户体验差的风险。,<answer id=60> 客商提供的开户资料不完整，导致后续合同执行过程中业务中断，引起用户体验差的风险。
怎么理解系统开户？,<triple id=61> 系统开户	含义	客商提供的开户资料不完整，导致后续合同执行过程中业务中断，引起用户体验差的风险。,<answer id=61> 客商提供的开户资料不完整，导致后续合同执行过程中业务中断，引起用户体验差的风险。
与不良交易对象开展业务的含义是什么？,<triple id=64> 与不良交易对象开展业务	含义	与不良交易对象开展业务，导致公司存在经营风险或廉洁风险。,<answer id=64> 与不良交易对象开展业务，导致公司存在经营风险或廉洁风险。
与不良交易对象开展业务指什么？,<triple id=68> 与不良交易对象开展业务	含义	与不良交易对象开展业务，导致公司存在经营风险或廉洁风险。,<answer id=68> 与不良交易对象开展业务，导致公司存在经营风险或廉洁风险。
与不良交易对象开展业务的风险等级是多少？,<triple id=71> 与不良交易对象开展业务	风险等级	中,<answer id=71> 中
钢厂货物信息获取是什么意思？,<triple id=75> 钢厂货物信息获取	含义	钢厂不提供货物出厂信息或出厂信息获取不畅，货权不受控，导致公司资金及货物存在风险。,<answer id=75> 钢厂不提供货物出厂信息或出厂信息获取不畅，货权不受控，导致公司资金及货物存在风险。
钢厂货物信息获取代表什么？,<triple id=76> 钢厂货物信息获取	含义	钢厂不提供货物出厂信息或出厂信息获取不畅，货权不受控，导致公司资金及货物存在风险。,<answer id=76> 钢厂不提供货物出厂信息或出厂信息获取不畅，货权不受控，导致公司资金及货物存在风险。
怎么解释钢厂货物信息获取？,<triple id=78> 钢厂货物信息获取	含义	钢厂不提供货物出厂信息或出厂信息获取不畅，货权不受控，导致公司资金及货物存在风险。,<answer id=78> 钢厂不提供货物出厂信息或出厂信息获取不畅，货权不受控，导致公司资金及货物存在风险。
怎么理解钢厂货物信息获取？,<triple id=79> 钢厂货物信息获取	含义	钢厂不提供货物出厂信息或出厂信息获取不畅，货权不受控，导致公司资金及货物存在风险。,<answer id=79> 钢厂不提供货物出厂信息或出厂信息获取不畅，货权不受控，导致公司资金及货物存在风险。
钢厂货物信息获取的风险等级是多少？,<triple id=80> 钢厂货物信息获取	风险等级	中,<answer id=80> 中
统购分销供方复评的含义是什么？,<triple id=82> 统购分销供方复评	含义	对供应商业务执行缺少评价、资信变化未及时获取，导致不合格供应商继续进行业务往来的风险。,<answer id=82> 对供应商业务执行缺少评价、资信变化未及时获取，导致不合格供应商继续进行业务往来的风险。
统购分销供方复评是什么意思？,<triple id=84> 统购分销供方复评	含义	对供应商业务执行缺少评价、资信变化未及时获取，导致不合格供应商继续进行业务往来的风险。,<answer id=84> 对供应商业务执行缺少评价、资信变化未及时获取，导致不合格供应商继续进行业务往来的风险。
怎么解释统购分销供方复评？,<triple id=87> 统购分销供方复评	含义	对供应商业务执行缺少评价、资信变化未及时获取，导致不合格供应商继续进行业务往来的风险。,<answer id=87> 对供应商业务执行缺少评价、资信变化未及时获取，导致不合格供应商继续进行业务往来的风险。
怎么理解统购分销供方复评？,<triple id=88> 统购分销供方复评	含义	对供应商业务执行缺少评价、资信变化未及时获取，导致不合格供应商继续进行业务往来的风险。,<answer id=88> 对供应商业务执行缺少评价、资信变化未及时获取，导致不合格供应商继续进行业务往来的风险。
统购分销供方复评的风险等级是多少？,<triple id=89> 统购分销供方复评	风险等级	中,<answer id=89> 中
开立公司银行账户的含义是什么？,<triple id=91> 开立公司银行账户	含义	产生资金活动风险，影响企业货币资金安全及相关岗位人员从业。,<answer id=91> 产生资金活动风险，影响企业货币资金安全及相关岗位人员从业。
怎么解释开立公司银行账户？,<triple id=96> 开立公司银行账户	含义	产生资金活动风险，影响企业货币资金安全及相关岗位人员从业。,<answer id=96> 产生资金活动风险，影响企业货币资金安全及相关岗位人员从业。
怎么理解开立公司银行账户？,<triple id=97> 开立公司银行账户	含义	产生资金活动风险，影响企业货币资金安全及相关岗位人员从业。,<answer id=97> 产生资金活动风险，影响企业货币资金安全及相关岗位人员从业。
仓库准入的含义是什么？,<triple id=100> 仓库准入	含义	准入评价不充分，导致非合格供方进入供方白名单，从而造成货物损失的风险。,<answer id=100> 准入评价不充分，导致非合格供方进入供方白名单，从而造成货物损失的风险。
仓库准入的定义是什么？,<triple id=101> 仓库准入	含义	准入评价不充分，导致非合格供方进入供方白名单，从而造成货物损失的风险。,<answer id=101> 准入评价不充分，导致非合格供方进入供方白名单，从而造成货物损失的风险。
仓库准入是什么意思？,<triple id=102> 仓库准入	含义	准入评价不充分，导致非合格供方进入供方白名单，从而造成货物损失的风险。,<answer id=102> 准入评价不充分，导致非合格供方进入供方白名单，从而造成货物损失的风险。
仓库准入指什么？,<triple id=104> 仓库准入	含义	准入评价不充分，导致非合格供方进入供方白名单，从而造成货物损失的风险。,<answer id=104> 准入评价不充分，导致非合格供方进入供方白名单，从而造成货物损失的风险。
怎么解释仓库准入？,<triple id=105> 仓库准入	含义	准入评价不充分，导致非合格供方进入供方白名单，从而造成货物损失的风险。,<answer id=105> 准入评价不充分，导致非合格供方进入供方白名单，从而造成货物损失的风险。
仓库准入的风险等级是多少？,<triple id=107> 仓库准入	风险等级	高,<answer id=107> 高
仓库选择的定义是什么？,<triple id=110> 仓库选择	含义	选择的仓库为仓商一体仓库，即仓库实际从事钢材贸易业务，可能存在仓库与贸易商勾结，监守自盗的货权控制风险。,<answer id=110> 选择的仓库为仓商一体仓库，即仓库实际从事钢材贸易业务，可能存在仓库与贸易商勾结，监守自盗的货权控制风险。
仓库选择的风险等级是多少？,<triple id=116> 仓库选择	风险等级	高,<answer id=116> 高
仓库选择是什么等级的风险？,<triple id=117> 仓库选择	风险等级	高,<answer id=117> 高
承运商准入的定义是什么？,<triple id=119> 承运商准入	含义	准入评价不充分，准入的承运商无法满足运输需求，造成发生运输纠纷或者货物损失的风险。,<answer id=119> 准入评价不充分，准入的承运商无法满足运输需求，造成发生运输纠纷或者货物损失的风险。
承运商准入代表什么？,<triple id=121> 承运商准入	含义	准入评价不充分，准入的承运商无法满足运输需求，造成发生运输纠纷或者货物损失的风险。,<answer id=121> 准入评价不充分，准入的承运商无法满足运输需求，造成发生运输纠纷或者货物损失的风险。
怎么解释承运商准入？,<triple id=123> 承运商准入	含义	准入评价不充分，准入的承运商无法满足运输需求，造成发生运输纠纷或者货物损失的风险。,<answer id=123> 准入评价不充分，准入的承运商无法满足运输需求，造成发生运输纠纷或者货物损失的风险。
怎么理解承运商准入？,<triple id=124> 承运商准入	含义	准入评价不充分，准入的承运商无法满足运输需求，造成发生运输纠纷或者货物损失的风险。,<answer id=124> 准入评价不充分，准入的承运商无法满足运输需求，造成发生运输纠纷或者货物损失的风险。
承运商准入的风险等级是多少？,<triple id=125> 承运商准入	风险等级	中,<answer id=125> 中
承运商准入是什么等级的风险？,<triple id=126> 承运商准入	风险等级	中,<answer id=126> 中
承运商选择的定义是什么？,<triple id=128> 承运商选择	含义	因承运商选择不当，发生悔单、货损等情况导致公司利益受损的风险。,<answer id=128> 因承运商选择不当，发生悔单、货损等情况导致公司利益受损的风险。
承运商选择是什么意思？,<triple id=129> 承运商选择	含义	因承运商选择不当，发生悔单、货损等情况导致公司利益受损的风险。,<answer id=129> 因承运商选择不当，发生悔单、货损等情况导致公司利益受损的风险。
怎么解释承运商选择？,<triple id=132> 承运商选择	含义	因承运商选择不当，发生悔单、货损等情况导致公司利益受损的风险。,<answer id=132> 因承运商选择不当，发生悔单、货损等情况导致公司利益受损的风险。
怎么理解承运商选择？,<triple id=133> 承运商选择	含义	因承运商选择不当，发生悔单、货损等情况导致公司利益受损的风险。,<answer id=133> 因承运商选择不当，发生悔单、货损等情况导致公司利益受损的风险。
承运商选择是什么等级的风险？,<triple id=135> 承运商选择	风险等级	中,<answer id=135> 中
交易对象信用风险管理是什么意思？,<triple id=138> 交易对象信用风险管理	含义	授信对象财务指标和经营状况不佳，导致公司资金风险。,<answer id=138> 授信对象财务指标和经营状况不佳，导致公司资金风险。
交易对象信用风险管理代表什么？,<triple id=139> 交易对象信用风险管理	含义	授信对象财务指标和经营状况不佳，导致公司资金风险。,<answer id=139> 授信对象财务指标和经营状况不佳，导致公司资金风险。
怎么解释交易对象信用风险管理？,<triple id=141> 交易对象信用风险管理	含义	授信对象财务指标和经营状况不佳，导致公司资金风险。,<answer id=141> 授信对象财务指标和经营状况不佳，导致公司资金风险。
怎么理解交易对象信用风险管理？,<triple id=142> 交易对象信用风险管理	含义	授信对象财务指标和经营状况不佳，导致公司资金风险。,<answer id=142> 授信对象财务指标和经营状况不佳，导致公司资金风险。
交易对象信用风险管理的风险等级是多少？,<triple id=143> 交易对象信用风险管理	风险等级	中,<answer id=143> 中
交易对象信用风险管理是什么等级的风险？,<triple id=144> 交易对象信用风险管理	风险等级	中,<answer id=144> 中
授信占用和释放的节点的定义是什么？,<triple id=146> 授信占用和释放的节点	含义	授信占用和释放的节点不准确，存在资金风险。,<answer id=146> 授信占用和释放的节点不准确，存在资金风险。
授信占用和释放的节点代表什么？,<triple id=148> 授信占用和释放的节点	含义	授信占用和释放的节点不准确，存在资金风险。,<answer id=148> 授信占用和释放的节点不准确，存在资金风险。
怎么解释授信占用和释放的节点？,<triple id=150> 授信占用和释放的节点	含义	授信占用和释放的节点不准确，存在资金风险。,<answer id=150> 授信占用和释放的节点不准确，存在资金风险。
怎么理解授信占用和释放的节点？,<triple id=151> 授信占用和释放的节点	含义	授信占用和释放的节点不准确，存在资金风险。,<answer id=151> 授信占用和释放的节点不准确，存在资金风险。
授信占用和释放的节点的风险等级是多少？,<triple id=152> 授信占用和释放的节点	风险等级	中,<answer id=152> 中
产品业务系统权限分配的含义是什么？,<triple id=154> 产品业务系统权限分配	含义	因员工岗位与产品业务系统权限不匹配，造成超权限处理业务、操作错误及信息泄密的风险。,<answer id=154> 因员工岗位与产品业务系统权限不匹配，造成超权限处理业务、操作错误及信息泄密的风险。
产品业务系统权限分配的定义是什么？,<triple id=155> 产品业务系统权限分配	含义	因员工岗位与产品业务系统权限不匹配，造成超权限处理业务、操作错误及信息泄密的风险。,<answer id=155> 因员工岗位与产品业务系统权限不匹配，造成超权限处理业务、操作错误及信息泄密的风险。
产品业务系统权限分配是什么意思？,<triple id=156> 产品业务系统权限分配	含义	因员工岗位与产品业务系统权限不匹配，造成超权限处理业务、操作错误及信息泄密的风险。,<answer id=156> 因员工岗位与产品业务系统权限不匹配，造成超权限处理业务、操作错误及信息泄密的风险。
产品业务系统权限分配代表什么？,<triple id=157> 产品业务系统权限分配	含义	因员工岗位与产品业务系统权限不匹配，造成超权限处理业务、操作错误及信息泄密的风险。,<answer id=157> 因员工岗位与产品业务系统权限不匹配，造成超权限处理业务、操作错误及信息泄密的风险。
怎么解释产品业务系统权限分配？,<triple id=159> 产品业务系统权限分配	含义	因员工岗位与产品业务系统权限不匹配，造成超权限处理业务、操作错误及信息泄密的风险。,<answer id=159> 因员工岗位与产品业务系统权限不匹配，造成超权限处理业务、操作错误及信息泄密的风险。
怎么理解产品业务系统权限分配？,<triple id=160> 产品业务系统权限分配	含义	因员工岗位与产品业务系统权限不匹配，造成超权限处理业务、操作错误及信息泄密的风险。,<answer id=160> 因员工岗位与产品业务系统权限不匹配，造成超权限处理业务、操作错误及信息泄密的风险。
产品业务系统权限分配的风险等级是多少？,<triple id=161> 产品业务系统权限分配	风险等级	低,<answer id=161> 低
产品业务系统权限分配是什么等级的风险？,<triple id=162> 产品业务系统权限分配	风险等级	低,<answer id=162> 低
交易职责授权的含义是什么？,<triple id=163> 交易职责授权	含义	未授权或超权限，导致业务风险未被有效识别。,<answer id=163> 未授权或超权限，导致业务风险未被有效识别。
交易职责授权是什么意思？,<triple id=165> 交易职责授权	含义	未授权或超权限，导致业务风险未被有效识别。,<answer id=165> 未授权或超权限，导致业务风险未被有效识别。
怎么解释交易职责授权？,<triple id=168> 交易职责授权	含义	未授权或超权限，导致业务风险未被有效识别。,<answer id=168> 未授权或超权限，导致业务风险未被有效识别。
怎么理解交易职责授权？,<triple id=169> 交易职责授权	含义	未授权或超权限，导致业务风险未被有效识别。,<answer id=169> 未授权或超权限，导致业务风险未被有效识别。
交易职责授权是什么等级的风险？,<triple id=171> 交易职责授权	风险等级	低,<answer id=171> 低
授权签约是什么意思？,<triple id=174> 授权签约	含义	因超授权签约，对业务风险把控不充分，造成公司发生合同纠纷或经济损失的风险。,<answer id=174> 因超授权签约，对业务风险把控不充分，造成公司发生合同纠纷或经济损失的风险。
授权签约代表什么？,<triple id=175> 授权签约	含义	因超授权签约，对业务风险把控不充分，造成公司发生合同纠纷或经济损失的风险。,<answer id=175> 因超授权签约，对业务风险把控不充分，造成公司发生合同纠纷或经济损失的风险。
授权签约是什么等级的风险？,<triple id=180> 授权签约	风险等级	中,<answer id=180> 中
三新业务开展前的评估审批是什么意思？,<triple id=183> 三新业务开展前的评估审批	含义	因未经有效评估和审批开展三新业务，导致对新业务风险预估不足，公司利益受损的风险。,<answer id=183> 因未经有效评估和审批开展三新业务，导致对新业务风险预估不足，公司利益受损的风险。
三新业务开展前的评估审批代表什么？,<triple id=184> 三新业务开展前的评估审批	含义	因未经有效评估和审批开展三新业务，导致对新业务风险预估不足，公司利益受损的风险。,<answer id=184> 因未经有效评估和审批开展三新业务，导致对新业务风险预估不足，公司利益受损的风险。
三新业务开展前的评估审批指什么？,<triple id=185> 三新业务开展前的评估审批	含义	因未经有效评估和审批开展三新业务，导致对新业务风险预估不足，公司利益受损的风险。,<answer id=185> 因未经有效评估和审批开展三新业务，导致对新业务风险预估不足，公司利益受损的风险。
怎么解释三新业务开展前的评估审批？,<triple id=186> 三新业务开展前的评估审批	含义	因未经有效评估和审批开展三新业务，导致对新业务风险预估不足，公司利益受损的风险。,<answer id=186> 因未经有效评估和审批开展三新业务，导致对新业务风险预估不足，公司利益受损的风险。
怎么理解三新业务开展前的评估审批？,<triple id=187> 三新业务开展前的评估审批	含义	因未经有效评估和审批开展三新业务，导致对新业务风险预估不足，公司利益受损的风险。,<answer id=187> 因未经有效评估和审批开展三新业务，导致对新业务风险预估不足，公司利益受损的风险。
三新业务开展前的评估审批是什么等级的风险？,<triple id=189> 三新业务开展前的评估审批	风险等级	中,<answer id=189> 中
非标合同条款的含义是什么？,<triple id=190> 非标合同条款	含义	因非标合同中存在对我方不利条款，导致发生合同纠纷时公司利益受损的风险,<answer id=190> 因非标合同中存在对我方不利条款，导致发生合同纠纷时公司利益受损的风险
非标合同条款的定义是什么？,<triple id=191> 非标合同条款	含义	因非标合同中存在对我方不利条款，导致发生合同纠纷时公司利益受损的风险,<answer id=191> 因非标合同中存在对我方不利条款，导致发生合同纠纷时公司利益受损的风险
非标合同条款代表什么？,<triple id=193> 非标合同条款	含义	因非标合同中存在对我方不利条款，导致发生合同纠纷时公司利益受损的风险,<answer id=193> 因非标合同中存在对我方不利条款，导致发生合同纠纷时公司利益受损的风险
非标合同条款指什么？,<triple id=194> 非标合同条款	含义	因非标合同中存在对我方不利条款，导致发生合同纠纷时公司利益受损的风险,<answer id=194> 因非标合同中存在对我方不利条款，导致发生合同纠纷时公司利益受损的风险
怎么解释非标合同条款？,<triple id=195> 非标合同条款	含义	因非标合同中存在对我方不利条款，导致发生合同纠纷时公司利益受损的风险,<answer id=195> 因非标合同中存在对我方不利条款，导致发生合同纠纷时公司利益受损的风险
怎么理解非标合同条款？,<triple id=196> 非标合同条款	含义	因非标合同中存在对我方不利条款，导致发生合同纠纷时公司利益受损的风险,<answer id=196> 因非标合同中存在对我方不利条款，导致发生合同纠纷时公司利益受损的风险
合同条款内容的含义是什么？,<triple id=199> 合同条款内容	含义	合同条款内容描述不符合总额法确认收入的条件，对总额法确认收入存在误解的风险。,<answer id=199> 合同条款内容描述不符合总额法确认收入的条件，对总额法确认收入存在误解的风险。
合同条款内容的定义是什么？,<triple id=200> 合同条款内容	含义	合同条款内容描述不符合总额法确认收入的条件，对总额法确认收入存在误解的风险。,<answer id=200> 合同条款内容描述不符合总额法确认收入的条件，对总额法确认收入存在误解的风险。
合同条款内容代表什么？,<triple id=202> 合同条款内容	含义	合同条款内容描述不符合总额法确认收入的条件，对总额法确认收入存在误解的风险。,<answer id=202> 合同条款内容描述不符合总额法确认收入的条件，对总额法确认收入存在误解的风险。
怎么解释合同条款内容？,<triple id=204> 合同条款内容	含义	合同条款内容描述不符合总额法确认收入的条件，对总额法确认收入存在误解的风险。,<answer id=204> 合同条款内容描述不符合总额法确认收入的条件，对总额法确认收入存在误解的风险。
怎么理解合同条款内容？,<triple id=205> 合同条款内容	含义	合同条款内容描述不符合总额法确认收入的条件，对总额法确认收入存在误解的风险。,<answer id=205> 合同条款内容描述不符合总额法确认收入的条件，对总额法确认收入存在误解的风险。
合同条款内容是什么等级的风险？,<triple id=207> 合同条款内容	风险等级	中,<answer id=207> 中
合同金额约定的定义是什么？,<triple id=209> 合同金额约定	含义	未约定合同税率，导致印花税计算基数按照合同含税金额计算造成印花税多交；或因税率变动带来的税务风险。,<answer id=209> 未约定合同税率，导致印花税计算基数按照合同含税金额计算造成印花税多交；或因税率变动带来的税务风险。
合同金额约定指什么？,<triple id=212> 合同金额约定	含义	未约定合同税率，导致印花税计算基数按照合同含税金额计算造成印花税多交；或因税率变动带来的税务风险。,<answer id=212> 未约定合同税率，导致印花税计算基数按照合同含税金额计算造成印花税多交；或因税率变动带来的税务风险。
怎么解释合同金额约定？,<triple id=213> 合同金额约定	含义	未约定合同税率，导致印花税计算基数按照合同含税金额计算造成印花税多交；或因税率变动带来的税务风险。,<answer id=213> 未约定合同税率，导致印花税计算基数按照合同含税金额计算造成印花税多交；或因税率变动带来的税务风险。
怎么理解合同金额约定？,<triple id=214> 合同金额约定	含义	未约定合同税率，导致印花税计算基数按照合同含税金额计算造成印花税多交；或因税率变动带来的税务风险。,<answer id=214> 未约定合同税率，导致印花税计算基数按照合同含税金额计算造成印花税多交；或因税率变动带来的税务风险。
合同金额约定的风险等级是多少？,<triple id=215> 合同金额约定	风险等级	中,<answer id=215> 中
采购计划的含义是什么？,<triple id=217> 采购计划	含义	采购计划变动大，会造成备付金冗余或款项不能及时支付。,<answer id=217> 采购计划变动大，会造成备付金冗余或款项不能及时支付。
采购计划的定义是什么？,<triple id=218> 采购计划	含义	采购计划变动大，会造成备付金冗余或款项不能及时支付。,<answer id=218> 采购计划变动大，会造成备付金冗余或款项不能及时支付。
怎么解释采购计划？,<triple id=222> 采购计划	含义	采购计划变动大，会造成备付金冗余或款项不能及时支付。,<answer id=222> 采购计划变动大，会造成备付金冗余或款项不能及时支付。
采购计划的风险等级是多少？,<triple id=224> 采购计划	风险等级	低,<answer id=224> 低
采购复审的含义是什么？,<triple id=226> 采购复审	含义	因合同文本和系统合同信息不一致，造成合同实际执行时失去控制，公司利益可能受损的风险。,<answer id=226> 因合同文本和系统合同信息不一致，造成合同实际执行时失去控制，公司利益可能受损的风险。
采购复审的定义是什么？,<triple id=227> 采购复审	含义	因合同文本和系统合同信息不一致，造成合同实际执行时失去控制，公司利益可能受损的风险。,<answer id=227> 因合同文本和系统合同信息不一致，造成合同实际执行时失去控制，公司利益可能受损的风险。
采购复审是什么意思？,<triple id=228> 采购复审	含义	因合同文本和系统合同信息不一致，造成合同实际执行时失去控制，公司利益可能受损的风险。,<answer id=228> 因合同文本和系统合同信息不一致，造成合同实际执行时失去控制，公司利益可能受损的风险。
采购复审代表什么？,<triple id=229> 采购复审	含义	因合同文本和系统合同信息不一致，造成合同实际执行时失去控制，公司利益可能受损的风险。,<answer id=229> 因合同文本和系统合同信息不一致，造成合同实际执行时失去控制，公司利益可能受损的风险。
采购复审指什么？,<triple id=230> 采购复审	含义	因合同文本和系统合同信息不一致，造成合同实际执行时失去控制，公司利益可能受损的风险。,<answer id=230> 因合同文本和系统合同信息不一致，造成合同实际执行时失去控制，公司利益可能受损的风险。
采购复审的风险等级是多少？,<triple id=233> 采购复审	风险等级	低,<answer id=233> 低
采购复审是什么等级的风险？,<triple id=234> 采购复审	风险等级	低,<answer id=234> 低
关联关系的定义是什么？,<triple id=236> 关联关系	含义	因钢厂与客户、仓库存在关联关系，导致欧冶资金或货权失控甚至灭失的风险。,<answer id=236> 因钢厂与客户、仓库存在关联关系，导致欧冶资金或货权失控甚至灭失的风险。
关联关系是什么意思？,<triple id=237> 关联关系	含义	因钢厂与客户、仓库存在关联关系，导致欧冶资金或货权失控甚至灭失的风险。,<answer id=237> 因钢厂与客户、仓库存在关联关系，导致欧冶资金或货权失控甚至灭失的风险。
关联关系指什么？,<triple id=239> 关联关系	含义	因钢厂与客户、仓库存在关联关系，导致欧冶资金或货权失控甚至灭失的风险。,<answer id=239> 因钢厂与客户、仓库存在关联关系，导致欧冶资金或货权失控甚至灭失的风险。
关联关系的风险等级是多少？,<triple id=242> 关联关系	风险等级	高,<answer id=242> 高
关联关系是什么等级的风险？,<triple id=243> 关联关系	风险等级	高,<answer id=243> 高
采购审批代表什么？,<triple id=247> 采购审批	含义	因采购审批把控不严导致公司利益受损的风险。,<answer id=247> 因采购审批把控不严导致公司利益受损的风险。
采购审批指什么？,<triple id=248> 采购审批	含义	因采购审批把控不严导致公司利益受损的风险。,<answer id=248> 因采购审批把控不严导致公司利益受损的风险。
怎么解释采购审批？,<triple id=249> 采购审批	含义	因采购审批把控不严导致公司利益受损的风险。,<answer id=249> 因采购审批把控不严导致公司利益受损的风险。
采购审批是什么等级的风险？,<triple id=252> 采购审批	风险等级	低,<answer id=252> 低
销售合同签约的含义是什么？,<triple id=253> 销售合同签约	含义	销售合同文本客户签约不规范或合同正本长期不能获得，导致销售合同法律效力降低的风险。,<answer id=253> 销售合同文本客户签约不规范或合同正本长期不能获得，导致销售合同法律效力降低的风险。
销售合同签约的定义是什么？,<triple id=254> 销售合同签约	含义	销售合同文本客户签约不规范或合同正本长期不能获得，导致销售合同法律效力降低的风险。,<answer id=254> 销售合同文本客户签约不规范或合同正本长期不能获得，导致销售合同法律效力降低的风险。
销售合同签约是什么意思？,<triple id=255> 销售合同签约	含义	销售合同文本客户签约不规范或合同正本长期不能获得，导致销售合同法律效力降低的风险。,<answer id=255> 销售合同文本客户签约不规范或合同正本长期不能获得，导致销售合同法律效力降低的风险。
销售合同签约指什么？,<triple id=257> 销售合同签约	含义	销售合同文本客户签约不规范或合同正本长期不能获得，导致销售合同法律效力降低的风险。,<answer id=257> 销售合同文本客户签约不规范或合同正本长期不能获得，导致销售合同法律效力降低的风险。
怎么解释销售合同签约？,<triple id=258> 销售合同签约	含义	销售合同文本客户签约不规范或合同正本长期不能获得，导致销售合同法律效力降低的风险。,<answer id=258> 销售合同文本客户签约不规范或合同正本长期不能获得，导致销售合同法律效力降低的风险。
销售合同签约是什么等级的风险？,<triple id=261> 销售合同签约	风险等级	低,<answer id=261> 低
销售合同文本关键用词的含义是什么？,<triple id=262> 销售合同文本关键用词	含义	因销售合同文本用词不规范，导致责权不对等、法律效力不足的风险。,<answer id=262> 因销售合同文本用词不规范，导致责权不对等、法律效力不足的风险。
销售合同文本关键用词的定义是什么？,<triple id=263> 销售合同文本关键用词	含义	因销售合同文本用词不规范，导致责权不对等、法律效力不足的风险。,<answer id=263> 因销售合同文本用词不规范，导致责权不对等、法律效力不足的风险。
销售合同文本关键用词指什么？,<triple id=266> 销售合同文本关键用词	含义	因销售合同文本用词不规范，导致责权不对等、法律效力不足的风险。,<answer id=266> 因销售合同文本用词不规范，导致责权不对等、法律效力不足的风险。
怎么解释销售合同文本关键用词？,<triple id=267> 销售合同文本关键用词	含义	因销售合同文本用词不规范，导致责权不对等、法律效力不足的风险。,<answer id=267> 因销售合同文本用词不规范，导致责权不对等、法律效力不足的风险。
怎么理解销售合同文本关键用词？,<triple id=268> 销售合同文本关键用词	含义	因销售合同文本用词不规范，导致责权不对等、法律效力不足的风险。,<answer id=268> 因销售合同文本用词不规范，导致责权不对等、法律效力不足的风险。
销售合同文本关键用词的风险等级是多少？,<triple id=269> 销售合同文本关键用词	风险等级	中,<answer id=269> 中
销售合同文本关键用词是什么等级的风险？,<triple id=270> 销售合同文本关键用词	风险等级	中,<answer id=270> 中
合同变更的含义是什么？,<triple id=271> 合同变更	含义	合同变更操作不规范、变更单据不全导致合同法律效力下降或货权失控等风险。,<answer id=271> 合同变更操作不规范、变更单据不全导致合同法律效力下降或货权失控等风险。
合同变更的定义是什么？,<triple id=272> 合同变更	含义	合同变更操作不规范、变更单据不全导致合同法律效力下降或货权失控等风险。,<answer id=272> 合同变更操作不规范、变更单据不全导致合同法律效力下降或货权失控等风险。
合同变更的风险等级是多少？,<triple id=278> 合同变更	风险等级	低,<answer id=278> 低
合同变更是什么等级的风险？,<triple id=279> 合同变更	风险等级	低,<answer id=279> 低
价格及结算方式风险识别的定义是什么？,"<triple id=281> 价格及结算方式风险识别	含义	统购分销产品价格及结算方式管理要求不清晰,导致产生经营风险、客户抱怨的风险。","<answer id=281> 统购分销产品价格及结算方式管理要求不清晰,导致产生经营风险、客户抱怨的风险。"
价格及结算方式风险识别是什么意思？,"<triple id=282> 价格及结算方式风险识别	含义	统购分销产品价格及结算方式管理要求不清晰,导致产生经营风险、客户抱怨的风险。","<answer id=282> 统购分销产品价格及结算方式管理要求不清晰,导致产生经营风险、客户抱怨的风险。"
价格及结算方式风险识别代表什么？,"<triple id=283> 价格及结算方式风险识别	含义	统购分销产品价格及结算方式管理要求不清晰,导致产生经营风险、客户抱怨的风险。","<answer id=283> 统购分销产品价格及结算方式管理要求不清晰,导致产生经营风险、客户抱怨的风险。"
价格及结算方式风险识别指什么？,"<triple id=284> 价格及结算方式风险识别	含义	统购分销产品价格及结算方式管理要求不清晰,导致产生经营风险、客户抱怨的风险。","<answer id=284> 统购分销产品价格及结算方式管理要求不清晰,导致产生经营风险、客户抱怨的风险。"
怎么解释价格及结算方式风险识别？,"<triple id=285> 价格及结算方式风险识别	含义	统购分销产品价格及结算方式管理要求不清晰,导致产生经营风险、客户抱怨的风险。","<answer id=285> 统购分销产品价格及结算方式管理要求不清晰,导致产生经营风险、客户抱怨的风险。"
怎么理解价格及结算方式风险识别？,"<triple id=286> 价格及结算方式风险识别	含义	统购分销产品价格及结算方式管理要求不清晰,导致产生经营风险、客户抱怨的风险。","<answer id=286> 统购分销产品价格及结算方式管理要求不清晰,导致产生经营风险、客户抱怨的风险。"
价格及结算方式风险识别的风险等级是多少？,<triple id=287> 价格及结算方式风险识别	风险等级	中,<answer id=287> 中
挂牌价格风险的含义是什么？,<triple id=289> 挂牌价格风险	含义	统购分销资源价格投放错误，造成客户满意度下降或欧冶利益受损的风险。,<answer id=289> 统购分销资源价格投放错误，造成客户满意度下降或欧冶利益受损的风险。
挂牌价格风险是什么意思？,<triple id=291> 挂牌价格风险	含义	统购分销资源价格投放错误，造成客户满意度下降或欧冶利益受损的风险。,<answer id=291> 统购分销资源价格投放错误，造成客户满意度下降或欧冶利益受损的风险。
挂牌价格风险代表什么？,<triple id=292> 挂牌价格风险	含义	统购分销资源价格投放错误，造成客户满意度下降或欧冶利益受损的风险。,<answer id=292> 统购分销资源价格投放错误，造成客户满意度下降或欧冶利益受损的风险。
挂牌价格风险指什么？,<triple id=293> 挂牌价格风险	含义	统购分销资源价格投放错误，造成客户满意度下降或欧冶利益受损的风险。,<answer id=293> 统购分销资源价格投放错误，造成客户满意度下降或欧冶利益受损的风险。
怎么解释挂牌价格风险？,<triple id=294> 挂牌价格风险	含义	统购分销资源价格投放错误，造成客户满意度下降或欧冶利益受损的风险。,<answer id=294> 统购分销资源价格投放错误，造成客户满意度下降或欧冶利益受损的风险。
怎么理解挂牌价格风险？,<triple id=295> 挂牌价格风险	含义	统购分销资源价格投放错误，造成客户满意度下降或欧冶利益受损的风险。,<answer id=295> 统购分销资源价格投放错误，造成客户满意度下降或欧冶利益受损的风险。
挂牌价格风险是什么等级的风险？,<triple id=297> 挂牌价格风险	风险等级	中,<answer id=297> 中
印章使用的定义是什么？,<triple id=299> 印章使用	含义	用印不规范导致货权或资金损失的风险。,<answer id=299> 用印不规范导致货权或资金损失的风险。
印章使用代表什么？,<triple id=301> 印章使用	含义	用印不规范导致货权或资金损失的风险。,<answer id=301> 用印不规范导致货权或资金损失的风险。
印章使用指什么？,<triple id=302> 印章使用	含义	用印不规范导致货权或资金损失的风险。,<answer id=302> 用印不规范导致货权或资金损失的风险。
怎么解释印章使用？,<triple id=303> 印章使用	含义	用印不规范导致货权或资金损失的风险。,<answer id=303> 用印不规范导致货权或资金损失的风险。
怎么理解印章使用？,<triple id=304> 印章使用	含义	用印不规范导致货权或资金损失的风险。,<answer id=304> 用印不规范导致货权或资金损失的风险。
跌价风险代表什么？,<triple id=310> 跌价风险	含义	行情大幅波动时，客户未按合同约定补足相应货款导致客户实际弃货违约，引起公司受损的风险。,<answer id=310> 行情大幅波动时，客户未按合同约定补足相应货款导致客户实际弃货违约，引起公司受损的风险。
跌价风险的风险等级是多少？,<triple id=314> 跌价风险	风险等级	高,<answer id=314> 高
跌价风险是什么等级的风险？,<triple id=315> 跌价风险	风险等级	高,<answer id=315> 高
资金计划的含义是什么？,<triple id=316> 资金计划	含义	未及时、准确编制资金计划，导致无法在约定时间内支付款项、或资金在供方账上长期占用的风险。,<answer id=316> 未及时、准确编制资金计划，导致无法在约定时间内支付款项、或资金在供方账上长期占用的风险。
资金计划的定义是什么？,<triple id=317> 资金计划	含义	未及时、准确编制资金计划，导致无法在约定时间内支付款项、或资金在供方账上长期占用的风险。,<answer id=317> 未及时、准确编制资金计划，导致无法在约定时间内支付款项、或资金在供方账上长期占用的风险。
资金计划是什么意思？,<triple id=318> 资金计划	含义	未及时、准确编制资金计划，导致无法在约定时间内支付款项、或资金在供方账上长期占用的风险。,<answer id=318> 未及时、准确编制资金计划，导致无法在约定时间内支付款项、或资金在供方账上长期占用的风险。
资金计划指什么？,<triple id=320> 资金计划	含义	未及时、准确编制资金计划，导致无法在约定时间内支付款项、或资金在供方账上长期占用的风险。,<answer id=320> 未及时、准确编制资金计划，导致无法在约定时间内支付款项、或资金在供方账上长期占用的风险。
怎么解释资金计划？,<triple id=321> 资金计划	含义	未及时、准确编制资金计划，导致无法在约定时间内支付款项、或资金在供方账上长期占用的风险。,<answer id=321> 未及时、准确编制资金计划，导致无法在约定时间内支付款项、或资金在供方账上长期占用的风险。
怎么理解资金计划？,<triple id=322> 资金计划	含义	未及时、准确编制资金计划，导致无法在约定时间内支付款项、或资金在供方账上长期占用的风险。,<answer id=322> 未及时、准确编制资金计划，导致无法在约定时间内支付款项、或资金在供方账上长期占用的风险。
资金计划是什么等级的风险？,<triple id=324> 资金计划	风险等级	中,<answer id=324> 中
付款申请的发起是什么意思？,<triple id=327> 付款申请的发起	含义	因为付款条件未达到发起采购付款或采购付款申请信息不准确导致欧冶资金损失的风险。,<answer id=327> 因为付款条件未达到发起采购付款或采购付款申请信息不准确导致欧冶资金损失的风险。
付款申请的发起代表什么？,<triple id=328> 付款申请的发起	含义	因为付款条件未达到发起采购付款或采购付款申请信息不准确导致欧冶资金损失的风险。,<answer id=328> 因为付款条件未达到发起采购付款或采购付款申请信息不准确导致欧冶资金损失的风险。
付款申请的发起指什么？,<triple id=329> 付款申请的发起	含义	因为付款条件未达到发起采购付款或采购付款申请信息不准确导致欧冶资金损失的风险。,<answer id=329> 因为付款条件未达到发起采购付款或采购付款申请信息不准确导致欧冶资金损失的风险。
怎么理解付款申请的发起？,<triple id=331> 付款申请的发起	含义	因为付款条件未达到发起采购付款或采购付款申请信息不准确导致欧冶资金损失的风险。,<answer id=331> 因为付款条件未达到发起采购付款或采购付款申请信息不准确导致欧冶资金损失的风险。
付款申请的发起的风险等级是多少？,<triple id=332> 付款申请的发起	风险等级	低,<answer id=332> 低
付款申请的发起是什么等级的风险？,<triple id=333> 付款申请的发起	风险等级	低,<answer id=333> 低
供方自由款及时使用的含义是什么？,<triple id=334> 供方自由款及时使用	含义	因对供应商自由款未及时使用或退款，造成供应商授信逾期、资金利用效率低下甚至无法收回的风险。,<answer id=334> 因对供应商自由款未及时使用或退款，造成供应商授信逾期、资金利用效率低下甚至无法收回的风险。
供方自由款及时使用的定义是什么？,<triple id=335> 供方自由款及时使用	含义	因对供应商自由款未及时使用或退款，造成供应商授信逾期、资金利用效率低下甚至无法收回的风险。,<answer id=335> 因对供应商自由款未及时使用或退款，造成供应商授信逾期、资金利用效率低下甚至无法收回的风险。
供方自由款及时使用是什么意思？,<triple id=336> 供方自由款及时使用	含义	因对供应商自由款未及时使用或退款，造成供应商授信逾期、资金利用效率低下甚至无法收回的风险。,<answer id=336> 因对供应商自由款未及时使用或退款，造成供应商授信逾期、资金利用效率低下甚至无法收回的风险。
供方自由款及时使用代表什么？,<triple id=337> 供方自由款及时使用	含义	因对供应商自由款未及时使用或退款，造成供应商授信逾期、资金利用效率低下甚至无法收回的风险。,<answer id=337> 因对供应商自由款未及时使用或退款，造成供应商授信逾期、资金利用效率低下甚至无法收回的风险。
供方自由款及时使用指什么？,<triple id=338> 供方自由款及时使用	含义	因对供应商自由款未及时使用或退款，造成供应商授信逾期、资金利用效率低下甚至无法收回的风险。,<answer id=338> 因对供应商自由款未及时使用或退款，造成供应商授信逾期、资金利用效率低下甚至无法收回的风险。
怎么解释供方自由款及时使用？,<triple id=339> 供方自由款及时使用	含义	因对供应商自由款未及时使用或退款，造成供应商授信逾期、资金利用效率低下甚至无法收回的风险。,<answer id=339> 因对供应商自由款未及时使用或退款，造成供应商授信逾期、资金利用效率低下甚至无法收回的风险。
怎么理解供方自由款及时使用？,<triple id=340> 供方自由款及时使用	含义	因对供应商自由款未及时使用或退款，造成供应商授信逾期、资金利用效率低下甚至无法收回的风险。,<answer id=340> 因对供应商自由款未及时使用或退款，造成供应商授信逾期、资金利用效率低下甚至无法收回的风险。
供方自由款及时使用的风险等级是多少？,<triple id=341> 供方自由款及时使用	风险等级	低,<answer id=341> 低
供方自由款及时使用是什么等级的风险？,<triple id=342> 供方自由款及时使用	风险等级	低,<answer id=342> 低
供应商授信逾期超额的含义是什么？,<triple id=343> 供应商授信逾期超额	含义	供应商授信逾期或超额导致公司资金周转效率下降甚至出现坏账、呆账的风险。,<answer id=343> 供应商授信逾期或超额导致公司资金周转效率下降甚至出现坏账、呆账的风险。
供应商授信逾期超额是什么意思？,<triple id=345> 供应商授信逾期超额	含义	供应商授信逾期或超额导致公司资金周转效率下降甚至出现坏账、呆账的风险。,<answer id=345> 供应商授信逾期或超额导致公司资金周转效率下降甚至出现坏账、呆账的风险。
供应商授信逾期超额代表什么？,<triple id=346> 供应商授信逾期超额	含义	供应商授信逾期或超额导致公司资金周转效率下降甚至出现坏账、呆账的风险。,<answer id=346> 供应商授信逾期或超额导致公司资金周转效率下降甚至出现坏账、呆账的风险。
供应商授信逾期超额指什么？,<triple id=347> 供应商授信逾期超额	含义	供应商授信逾期或超额导致公司资金周转效率下降甚至出现坏账、呆账的风险。,<answer id=347> 供应商授信逾期或超额导致公司资金周转效率下降甚至出现坏账、呆账的风险。
怎么解释供应商授信逾期超额？,<triple id=348> 供应商授信逾期超额	含义	供应商授信逾期或超额导致公司资金周转效率下降甚至出现坏账、呆账的风险。,<answer id=348> 供应商授信逾期或超额导致公司资金周转效率下降甚至出现坏账、呆账的风险。
供应商授信逾期超额的风险等级是多少？,<triple id=350> 供应商授信逾期超额	风险等级	低,<answer id=350> 低
供应商授信逾期超额是什么等级的风险？,<triple id=351> 供应商授信逾期超额	风险等级	低,<answer id=351> 低
采用线下付款方式的含义是什么？,<triple id=352> 采用线下付款方式	含义	导致向供方付款延误或欧冶资金灭失的风险。,<answer id=352> 导致向供方付款延误或欧冶资金灭失的风险。
采用线下付款方式是什么意思？,<triple id=354> 采用线下付款方式	含义	导致向供方付款延误或欧冶资金灭失的风险。,<answer id=354> 导致向供方付款延误或欧冶资金灭失的风险。
采用线下付款方式代表什么？,<triple id=355> 采用线下付款方式	含义	导致向供方付款延误或欧冶资金灭失的风险。,<answer id=355> 导致向供方付款延误或欧冶资金灭失的风险。
采用线下付款方式指什么？,<triple id=356> 采用线下付款方式	含义	导致向供方付款延误或欧冶资金灭失的风险。,<answer id=356> 导致向供方付款延误或欧冶资金灭失的风险。
采用线下付款方式的风险等级是多少？,<triple id=359> 采用线下付款方式	风险等级	中,<answer id=359> 中
采用线下付款方式是什么等级的风险？,<triple id=360> 采用线下付款方式	风险等级	中,<answer id=360> 中
审批及拨付为同一人的含义是什么？,<triple id=361> 审批及拨付为同一人	含义	存在资金被挪用、贪污舞弊的风险。,<answer id=361> 存在资金被挪用、贪污舞弊的风险。
审批及拨付为同一人代表什么？,<triple id=364> 审批及拨付为同一人	含义	存在资金被挪用、贪污舞弊的风险。,<answer id=364> 存在资金被挪用、贪污舞弊的风险。
审批及拨付为同一人指什么？,<triple id=365> 审批及拨付为同一人	含义	存在资金被挪用、贪污舞弊的风险。,<answer id=365> 存在资金被挪用、贪污舞弊的风险。
怎么解释审批及拨付为同一人？,<triple id=366> 审批及拨付为同一人	含义	存在资金被挪用、贪污舞弊的风险。,<answer id=366> 存在资金被挪用、贪污舞弊的风险。
怎么理解审批及拨付为同一人？,<triple id=367> 审批及拨付为同一人	含义	存在资金被挪用、贪污舞弊的风险。,<answer id=367> 存在资金被挪用、贪污舞弊的风险。
审批及拨付为同一人的风险等级是多少？,<triple id=368> 审批及拨付为同一人	风险等级	中,<answer id=368> 中
审批及拨付为同一人是什么等级的风险？,<triple id=369> 审批及拨付为同一人	风险等级	中,<answer id=369> 中
代收代付资金未取得相关证明的含义是什么？,<triple id=370> 代收代付资金未取得相关证明	含义	存在第三方单位以“返利不当”要求返还资金的风险。,<answer id=370> 存在第三方单位以“返利不当”要求返还资金的风险。
代收代付资金未取得相关证明是什么意思？,<triple id=372> 代收代付资金未取得相关证明	含义	存在第三方单位以“返利不当”要求返还资金的风险。,<answer id=372> 存在第三方单位以“返利不当”要求返还资金的风险。
代收代付资金未取得相关证明代表什么？,<triple id=373> 代收代付资金未取得相关证明	含义	存在第三方单位以“返利不当”要求返还资金的风险。,<answer id=373> 存在第三方单位以“返利不当”要求返还资金的风险。
代收代付资金未取得相关证明指什么？,<triple id=374> 代收代付资金未取得相关证明	含义	存在第三方单位以“返利不当”要求返还资金的风险。,<answer id=374> 存在第三方单位以“返利不当”要求返还资金的风险。
怎么解释代收代付资金未取得相关证明？,<triple id=375> 代收代付资金未取得相关证明	含义	存在第三方单位以“返利不当”要求返还资金的风险。,<answer id=375> 存在第三方单位以“返利不当”要求返还资金的风险。
怎么理解代收代付资金未取得相关证明？,<triple id=376> 代收代付资金未取得相关证明	含义	存在第三方单位以“返利不当”要求返还资金的风险。,<answer id=376> 存在第三方单位以“返利不当”要求返还资金的风险。
代收代付资金未取得相关证明的风险等级是多少？,<triple id=377> 代收代付资金未取得相关证明	风险等级	中,<answer id=377> 中
现款和银票混配的含义是什么？,<triple id=379> 现款和银票混配	含义	因客户付款方式选择错误，导致公司票据收益损失的风险。,<answer id=379> 因客户付款方式选择错误，导致公司票据收益损失的风险。
现款和银票混配的定义是什么？,<triple id=380> 现款和银票混配	含义	因客户付款方式选择错误，导致公司票据收益损失的风险。,<answer id=380> 因客户付款方式选择错误，导致公司票据收益损失的风险。
现款和银票混配代表什么？,<triple id=382> 现款和银票混配	含义	因客户付款方式选择错误，导致公司票据收益损失的风险。,<answer id=382> 因客户付款方式选择错误，导致公司票据收益损失的风险。
怎么解释现款和银票混配？,<triple id=384> 现款和银票混配	含义	因客户付款方式选择错误，导致公司票据收益损失的风险。,<answer id=384> 因客户付款方式选择错误，导致公司票据收益损失的风险。
怎么理解现款和银票混配？,<triple id=385> 现款和银票混配	含义	因客户付款方式选择错误，导致公司票据收益损失的风险。,<answer id=385> 因客户付款方式选择错误，导致公司票据收益损失的风险。
现款和银票混配的风险等级是多少？,<triple id=386> 现款和银票混配	风险等级	低,<answer id=386> 低
现款和银票混配是什么等级的风险？,<triple id=387> 现款和银票混配	风险等级	低,<answer id=387> 低
票据运作的含义是什么？,<triple id=388> 票据运作	含义	票据运作不当造成资金收益减少的风险。,<answer id=388> 票据运作不当造成资金收益减少的风险。
票据运作是什么意思？,<triple id=390> 票据运作	含义	票据运作不当造成资金收益减少的风险。,<answer id=390> 票据运作不当造成资金收益减少的风险。
票据运作指什么？,<triple id=392> 票据运作	含义	票据运作不当造成资金收益减少的风险。,<answer id=392> 票据运作不当造成资金收益减少的风险。
怎么解释票据运作？,<triple id=393> 票据运作	含义	票据运作不当造成资金收益减少的风险。,<answer id=393> 票据运作不当造成资金收益减少的风险。
票据运作是什么等级的风险？,<triple id=396> 票据运作	风险等级	中,<answer id=396> 中
票据折现的含义是什么？,<triple id=397> 票据折现	含义	票据折现错误，导致客户或欧冶资金受损的风险。,<answer id=397> 票据折现错误，导致客户或欧冶资金受损的风险。
票据折现是什么意思？,<triple id=399> 票据折现	含义	票据折现错误，导致客户或欧冶资金受损的风险。,<answer id=399> 票据折现错误，导致客户或欧冶资金受损的风险。
票据折现代表什么？,<triple id=400> 票据折现	含义	票据折现错误，导致客户或欧冶资金受损的风险。,<answer id=400> 票据折现错误，导致客户或欧冶资金受损的风险。
票据折现指什么？,<triple id=401> 票据折现	含义	票据折现错误，导致客户或欧冶资金受损的风险。,<answer id=401> 票据折现错误，导致客户或欧冶资金受损的风险。
怎么解释票据折现？,<triple id=402> 票据折现	含义	票据折现错误，导致客户或欧冶资金受损的风险。,<answer id=402> 票据折现错误，导致客户或欧冶资金受损的风险。
怎么理解票据折现？,<triple id=403> 票据折现	含义	票据折现错误，导致客户或欧冶资金受损的风险。,<answer id=403> 票据折现错误，导致客户或欧冶资金受损的风险。
票据折现的风险等级是多少？,<triple id=404> 票据折现	风险等级	低,<answer id=404> 低
票据折现是什么等级的风险？,<triple id=405> 票据折现	风险等级	低,<answer id=405> 低
票据收取的含义是什么？,<triple id=406> 票据收取	含义	票据收取不当，使票据无法承兑或无法及时转让的风险。,<answer id=406> 票据收取不当，使票据无法承兑或无法及时转让的风险。
票据收取代表什么？,<triple id=409> 票据收取	含义	票据收取不当，使票据无法承兑或无法及时转让的风险。,<answer id=409> 票据收取不当，使票据无法承兑或无法及时转让的风险。
票据收取是什么等级的风险？,<triple id=414> 票据收取	风险等级	中,<answer id=414> 中
分批付款的定义是什么？,<triple id=416> 分批付款	含义	分批付款的比例与采购合同约定不符，造成早付或晚付的风险。,<answer id=416> 分批付款的比例与采购合同约定不符，造成早付或晚付的风险。
分批付款代表什么？,<triple id=418> 分批付款	含义	分批付款的比例与采购合同约定不符，造成早付或晚付的风险。,<answer id=418> 分批付款的比例与采购合同约定不符，造成早付或晚付的风险。
分批付款指什么？,<triple id=419> 分批付款	含义	分批付款的比例与采购合同约定不符，造成早付或晚付的风险。,<answer id=419> 分批付款的比例与采购合同约定不符，造成早付或晚付的风险。
怎么解释分批付款？,<triple id=420> 分批付款	含义	分批付款的比例与采购合同约定不符，造成早付或晚付的风险。,<answer id=420> 分批付款的比例与采购合同约定不符，造成早付或晚付的风险。
分批付款是什么等级的风险？,<triple id=423> 分批付款	风险等级	中,<answer id=423> 中
资金释放的含义是什么？,<triple id=424> 资金释放	含义	定金提前释放导致无法对客户约束的风险。,<answer id=424> 定金提前释放导致无法对客户约束的风险。
资金释放的定义是什么？,<triple id=425> 资金释放	含义	定金提前释放导致无法对客户约束的风险。,<answer id=425> 定金提前释放导致无法对客户约束的风险。
资金释放是什么意思？,<triple id=426> 资金释放	含义	定金提前释放导致无法对客户约束的风险。,<answer id=426> 定金提前释放导致无法对客户约束的风险。
资金释放代表什么？,<triple id=427> 资金释放	含义	定金提前释放导致无法对客户约束的风险。,<answer id=427> 定金提前释放导致无法对客户约束的风险。
资金释放指什么？,<triple id=428> 资金释放	含义	定金提前释放导致无法对客户约束的风险。,<answer id=428> 定金提前释放导致无法对客户约束的风险。
资金释放是什么等级的风险？,<triple id=432> 资金释放	风险等级	中,<answer id=432> 中
两金管理的定义是什么？,<triple id=434> 两金管理	含义	因为两金过高导致公司资金周转压力大，资产运行质量下降，不良率上升的风险。,<answer id=434> 因为两金过高导致公司资金周转压力大，资产运行质量下降，不良率上升的风险。
两金管理代表什么？,<triple id=436> 两金管理	含义	因为两金过高导致公司资金周转压力大，资产运行质量下降，不良率上升的风险。,<answer id=436> 因为两金过高导致公司资金周转压力大，资产运行质量下降，不良率上升的风险。
怎么解释两金管理？,<triple id=438> 两金管理	含义	因为两金过高导致公司资金周转压力大，资产运行质量下降，不良率上升的风险。,<answer id=438> 因为两金过高导致公司资金周转压力大，资产运行质量下降，不良率上升的风险。
怎么理解两金管理？,<triple id=439> 两金管理	含义	因为两金过高导致公司资金周转压力大，资产运行质量下降，不良率上升的风险。,<answer id=439> 因为两金过高导致公司资金周转压力大，资产运行质量下降，不良率上升的风险。
两金管理是什么等级的风险？,<triple id=441> 两金管理	风险等级	中,<answer id=441> 中
钢厂跟单的含义是什么？,<triple id=442> 钢厂跟单	含义	钢厂提供出厂信息存在虚假信息、信息不全或滞后，跟单人员在跟单过程中信息有遗漏，导致货权失控的风险。,<answer id=442> 钢厂提供出厂信息存在虚假信息、信息不全或滞后，跟单人员在跟单过程中信息有遗漏，导致货权失控的风险。
钢厂跟单代表什么？,<triple id=445> 钢厂跟单	含义	钢厂提供出厂信息存在虚假信息、信息不全或滞后，跟单人员在跟单过程中信息有遗漏，导致货权失控的风险。,<answer id=445> 钢厂提供出厂信息存在虚假信息、信息不全或滞后，跟单人员在跟单过程中信息有遗漏，导致货权失控的风险。
钢厂跟单指什么？,<triple id=446> 钢厂跟单	含义	钢厂提供出厂信息存在虚假信息、信息不全或滞后，跟单人员在跟单过程中信息有遗漏，导致货权失控的风险。,<answer id=446> 钢厂提供出厂信息存在虚假信息、信息不全或滞后，跟单人员在跟单过程中信息有遗漏，导致货权失控的风险。
钢厂跟单的风险等级是多少？,<triple id=449> 钢厂跟单	风险等级	高,<answer id=449> 高
钢厂跟单是什么等级的风险？,<triple id=450> 钢厂跟单	风险等级	高,<answer id=450> 高
钢厂超发或欠发的含义是什么？,<triple id=451> 钢厂超发或欠发	含义	1.因钢厂严重超发客户不接受，导致公司需另外寻源销售的营销风险；2.因钢厂严重欠发，导致客户向欧冶索要违约金、欧冶资金被钢厂大量占用，欧冶利益受损的风险。,<answer id=451> 1.因钢厂严重超发客户不接受，导致公司需另外寻源销售的营销风险；2.因钢厂严重欠发，导致客户向欧冶索要违约金、欧冶资金被钢厂大量占用，欧冶利益受损的风险。
钢厂超发或欠发的定义是什么？,<triple id=452> 钢厂超发或欠发	含义	1.因钢厂严重超发客户不接受，导致公司需另外寻源销售的营销风险；2.因钢厂严重欠发，导致客户向欧冶索要违约金、欧冶资金被钢厂大量占用，欧冶利益受损的风险。,<answer id=452> 1.因钢厂严重超发客户不接受，导致公司需另外寻源销售的营销风险；2.因钢厂严重欠发，导致客户向欧冶索要违约金、欧冶资金被钢厂大量占用，欧冶利益受损的风险。
钢厂超发或欠发是什么意思？,<triple id=453> 钢厂超发或欠发	含义	1.因钢厂严重超发客户不接受，导致公司需另外寻源销售的营销风险；2.因钢厂严重欠发，导致客户向欧冶索要违约金、欧冶资金被钢厂大量占用，欧冶利益受损的风险。,<answer id=453> 1.因钢厂严重超发客户不接受，导致公司需另外寻源销售的营销风险；2.因钢厂严重欠发，导致客户向欧冶索要违约金、欧冶资金被钢厂大量占用，欧冶利益受损的风险。
钢厂超发或欠发代表什么？,<triple id=454> 钢厂超发或欠发	含义	1.因钢厂严重超发客户不接受，导致公司需另外寻源销售的营销风险；2.因钢厂严重欠发，导致客户向欧冶索要违约金、欧冶资金被钢厂大量占用，欧冶利益受损的风险。,<answer id=454> 1.因钢厂严重超发客户不接受，导致公司需另外寻源销售的营销风险；2.因钢厂严重欠发，导致客户向欧冶索要违约金、欧冶资金被钢厂大量占用，欧冶利益受损的风险。
怎么理解钢厂超发或欠发？,<triple id=457> 钢厂超发或欠发	含义	1.因钢厂严重超发客户不接受，导致公司需另外寻源销售的营销风险；2.因钢厂严重欠发，导致客户向欧冶索要违约金、欧冶资金被钢厂大量占用，欧冶利益受损的风险。,<answer id=457> 1.因钢厂严重超发客户不接受，导致公司需另外寻源销售的营销风险；2.因钢厂严重欠发，导致客户向欧冶索要违约金、欧冶资金被钢厂大量占用，欧冶利益受损的风险。
钢厂超发或欠发的风险等级是多少？,<triple id=458> 钢厂超发或欠发	风险等级	低,<answer id=458> 低
发货指令传递的含义是什么？,<triple id=460> 发货指令传递	含义	由于钢厂或客户擅自变更交货地、钢厂违约直发、客户或营销员私自出函通知钢厂或承运商直发货物并变更交货地，造成欧冶货权失控的风险。,<answer id=460> 由于钢厂或客户擅自变更交货地、钢厂违约直发、客户或营销员私自出函通知钢厂或承运商直发货物并变更交货地，造成欧冶货权失控的风险。
发货指令传递的定义是什么？,<triple id=461> 发货指令传递	含义	由于钢厂或客户擅自变更交货地、钢厂违约直发、客户或营销员私自出函通知钢厂或承运商直发货物并变更交货地，造成欧冶货权失控的风险。,<answer id=461> 由于钢厂或客户擅自变更交货地、钢厂违约直发、客户或营销员私自出函通知钢厂或承运商直发货物并变更交货地，造成欧冶货权失控的风险。
怎么理解发货指令传递？,<triple id=466> 发货指令传递	含义	由于钢厂或客户擅自变更交货地、钢厂违约直发、客户或营销员私自出函通知钢厂或承运商直发货物并变更交货地，造成欧冶货权失控的风险。,<answer id=466> 由于钢厂或客户擅自变更交货地、钢厂违约直发、客户或营销员私自出函通知钢厂或承运商直发货物并变更交货地，造成欧冶货权失控的风险。
发货指令传递是什么等级的风险？,<triple id=468> 发货指令传递	风险等级	高,<answer id=468> 高
钢厂延期交货的含义是什么？,<triple id=469> 钢厂延期交货	含义	钢厂延期交货导致授信逾期的风险。,<answer id=469> 钢厂延期交货导致授信逾期的风险。
钢厂延期交货是什么意思？,<triple id=471> 钢厂延期交货	含义	钢厂延期交货导致授信逾期的风险。,<answer id=471> 钢厂延期交货导致授信逾期的风险。
钢厂延期交货指什么？,<triple id=473> 钢厂延期交货	含义	钢厂延期交货导致授信逾期的风险。,<answer id=473> 钢厂延期交货导致授信逾期的风险。
怎么解释钢厂延期交货？,<triple id=474> 钢厂延期交货	含义	钢厂延期交货导致授信逾期的风险。,<answer id=474> 钢厂延期交货导致授信逾期的风险。
钢厂延期交货的风险等级是多少？,<triple id=476> 钢厂延期交货	风险等级	中,<answer id=476> 中
运输环节的含义是什么？,<triple id=478> 运输环节	含义	1.交付节点所选港口、码头、铁路场站，相关场站不能及时提供信息且未派驻库监管，造成货权失控的风险；2.提货不成功或提货凭证错误，或者提货时间过长，导致产生空车费和滞期费等成本，造成承运商损失的而向我司索赔的风险；3.未采取正确的作业方式导致货物在装运卸过程中发生损坏，造成货物质量纠纷的风险；4.承运商提货后，未对货物信息和实物信息进行校验，影响客户交付的风险。,<answer id=478> 1.交付节点所选港口、码头、铁路场站，相关场站不能及时提供信息且未派驻库监管，造成货权失控的风险；2.提货不成功或提货凭证错误，或者提货时间过长，导致产生空车费和滞期费等成本，造成承运商损失的而向我司索赔的风险；3.未采取正确的作业方式导致货物在装运卸过程中发生损坏，造成货物质量纠纷的风险；4.承运商提货后，未对货物信息和实物信息进行校验，影响客户交付的风险。
运输环节是什么意思？,<triple id=480> 运输环节	含义	1.交付节点所选港口、码头、铁路场站，相关场站不能及时提供信息且未派驻库监管，造成货权失控的风险；2.提货不成功或提货凭证错误，或者提货时间过长，导致产生空车费和滞期费等成本，造成承运商损失的而向我司索赔的风险；3.未采取正确的作业方式导致货物在装运卸过程中发生损坏，造成货物质量纠纷的风险；4.承运商提货后，未对货物信息和实物信息进行校验，影响客户交付的风险。,<answer id=480> 1.交付节点所选港口、码头、铁路场站，相关场站不能及时提供信息且未派驻库监管，造成货权失控的风险；2.提货不成功或提货凭证错误，或者提货时间过长，导致产生空车费和滞期费等成本，造成承运商损失的而向我司索赔的风险；3.未采取正确的作业方式导致货物在装运卸过程中发生损坏，造成货物质量纠纷的风险；4.承运商提货后，未对货物信息和实物信息进行校验，影响客户交付的风险。
运输环节代表什么？,<triple id=481> 运输环节	含义	1.交付节点所选港口、码头、铁路场站，相关场站不能及时提供信息且未派驻库监管，造成货权失控的风险；2.提货不成功或提货凭证错误，或者提货时间过长，导致产生空车费和滞期费等成本，造成承运商损失的而向我司索赔的风险；3.未采取正确的作业方式导致货物在装运卸过程中发生损坏，造成货物质量纠纷的风险；4.承运商提货后，未对货物信息和实物信息进行校验，影响客户交付的风险。,<answer id=481> 1.交付节点所选港口、码头、铁路场站，相关场站不能及时提供信息且未派驻库监管，造成货权失控的风险；2.提货不成功或提货凭证错误，或者提货时间过长，导致产生空车费和滞期费等成本，造成承运商损失的而向我司索赔的风险；3.未采取正确的作业方式导致货物在装运卸过程中发生损坏，造成货物质量纠纷的风险；4.承运商提货后，未对货物信息和实物信息进行校验，影响客户交付的风险。
运输环节指什么？,<triple id=482> 运输环节	含义	1.交付节点所选港口、码头、铁路场站，相关场站不能及时提供信息且未派驻库监管，造成货权失控的风险；2.提货不成功或提货凭证错误，或者提货时间过长，导致产生空车费和滞期费等成本，造成承运商损失的而向我司索赔的风险；3.未采取正确的作业方式导致货物在装运卸过程中发生损坏，造成货物质量纠纷的风险；4.承运商提货后，未对货物信息和实物信息进行校验，影响客户交付的风险。,<answer id=482> 1.交付节点所选港口、码头、铁路场站，相关场站不能及时提供信息且未派驻库监管，造成货权失控的风险；2.提货不成功或提货凭证错误，或者提货时间过长，导致产生空车费和滞期费等成本，造成承运商损失的而向我司索赔的风险；3.未采取正确的作业方式导致货物在装运卸过程中发生损坏，造成货物质量纠纷的风险；4.承运商提货后，未对货物信息和实物信息进行校验，影响客户交付的风险。
怎么解释运输环节？,<triple id=483> 运输环节	含义	1.交付节点所选港口、码头、铁路场站，相关场站不能及时提供信息且未派驻库监管，造成货权失控的风险；2.提货不成功或提货凭证错误，或者提货时间过长，导致产生空车费和滞期费等成本，造成承运商损失的而向我司索赔的风险；3.未采取正确的作业方式导致货物在装运卸过程中发生损坏，造成货物质量纠纷的风险；4.承运商提货后，未对货物信息和实物信息进行校验，影响客户交付的风险。,<answer id=483> 1.交付节点所选港口、码头、铁路场站，相关场站不能及时提供信息且未派驻库监管，造成货权失控的风险；2.提货不成功或提货凭证错误，或者提货时间过长，导致产生空车费和滞期费等成本，造成承运商损失的而向我司索赔的风险；3.未采取正确的作业方式导致货物在装运卸过程中发生损坏，造成货物质量纠纷的风险；4.承运商提货后，未对货物信息和实物信息进行校验，影响客户交付的风险。
怎么理解运输环节？,<triple id=484> 运输环节	含义	1.交付节点所选港口、码头、铁路场站，相关场站不能及时提供信息且未派驻库监管，造成货权失控的风险；2.提货不成功或提货凭证错误，或者提货时间过长，导致产生空车费和滞期费等成本，造成承运商损失的而向我司索赔的风险；3.未采取正确的作业方式导致货物在装运卸过程中发生损坏，造成货物质量纠纷的风险；4.承运商提货后，未对货物信息和实物信息进行校验，影响客户交付的风险。,<answer id=484> 1.交付节点所选港口、码头、铁路场站，相关场站不能及时提供信息且未派驻库监管，造成货权失控的风险；2.提货不成功或提货凭证错误，或者提货时间过长，导致产生空车费和滞期费等成本，造成承运商损失的而向我司索赔的风险；3.未采取正确的作业方式导致货物在装运卸过程中发生损坏，造成货物质量纠纷的风险；4.承运商提货后，未对货物信息和实物信息进行校验，影响客户交付的风险。
运输环节是什么等级的风险？,<triple id=486> 运输环节	风险等级	高,<answer id=486> 高
货物入库的含义是什么？,<triple id=487> 货物入库	含义	1.由于仓库原因导致不能及时正常完成货物收发存（含仓库爆仓）；或仓库提前入库或未正确入库，造成货物和财产损失的风险；2.在途入库，货物未到制定仓库，授信提前释放，存在货权失控或实物与货单不符的风险。,<answer id=487> 1.由于仓库原因导致不能及时正常完成货物收发存（含仓库爆仓）；或仓库提前入库或未正确入库，造成货物和财产损失的风险；2.在途入库，货物未到制定仓库，授信提前释放，存在货权失控或实物与货单不符的风险。
货物入库指什么？,<triple id=491> 货物入库	含义	1.由于仓库原因导致不能及时正常完成货物收发存（含仓库爆仓）；或仓库提前入库或未正确入库，造成货物和财产损失的风险；2.在途入库，货物未到制定仓库，授信提前释放，存在货权失控或实物与货单不符的风险。,<answer id=491> 1.由于仓库原因导致不能及时正常完成货物收发存（含仓库爆仓）；或仓库提前入库或未正确入库，造成货物和财产损失的风险；2.在途入库，货物未到制定仓库，授信提前释放，存在货权失控或实物与货单不符的风险。
怎么解释货物入库？,<triple id=492> 货物入库	含义	1.由于仓库原因导致不能及时正常完成货物收发存（含仓库爆仓）；或仓库提前入库或未正确入库，造成货物和财产损失的风险；2.在途入库，货物未到制定仓库，授信提前释放，存在货权失控或实物与货单不符的风险。,<answer id=492> 1.由于仓库原因导致不能及时正常完成货物收发存（含仓库爆仓）；或仓库提前入库或未正确入库，造成货物和财产损失的风险；2.在途入库，货物未到制定仓库，授信提前释放，存在货权失控或实物与货单不符的风险。
怎么理解货物入库？,<triple id=493> 货物入库	含义	1.由于仓库原因导致不能及时正常完成货物收发存（含仓库爆仓）；或仓库提前入库或未正确入库，造成货物和财产损失的风险；2.在途入库，货物未到制定仓库，授信提前释放，存在货权失控或实物与货单不符的风险。,<answer id=493> 1.由于仓库原因导致不能及时正常完成货物收发存（含仓库爆仓）；或仓库提前入库或未正确入库，造成货物和财产损失的风险；2.在途入库，货物未到制定仓库，授信提前释放，存在货权失控或实物与货单不符的风险。
货物入库的风险等级是多少？,<triple id=494> 货物入库	风险等级	中,<answer id=494> 中
货物入库是什么等级的风险？,<triple id=495> 货物入库	风险等级	中,<answer id=495> 中
实物管理的定义是什么？,<triple id=497> 实物管理	含义	1.货物长期堆放造成锈蚀、变形等质量异议无法销售的风险；2.货物到货后单据没有欧冶货权标注，导致实物货主信息不明确的风险；3.货物堆放混乱且无安全通道，导致盘库困难难以确权的风险。,<answer id=497> 1.货物长期堆放造成锈蚀、变形等质量异议无法销售的风险；2.货物到货后单据没有欧冶货权标注，导致实物货主信息不明确的风险；3.货物堆放混乱且无安全通道，导致盘库困难难以确权的风险。
实物管理是什么意思？,<triple id=498> 实物管理	含义	1.货物长期堆放造成锈蚀、变形等质量异议无法销售的风险；2.货物到货后单据没有欧冶货权标注，导致实物货主信息不明确的风险；3.货物堆放混乱且无安全通道，导致盘库困难难以确权的风险。,<answer id=498> 1.货物长期堆放造成锈蚀、变形等质量异议无法销售的风险；2.货物到货后单据没有欧冶货权标注，导致实物货主信息不明确的风险；3.货物堆放混乱且无安全通道，导致盘库困难难以确权的风险。
实物管理代表什么？,<triple id=499> 实物管理	含义	1.货物长期堆放造成锈蚀、变形等质量异议无法销售的风险；2.货物到货后单据没有欧冶货权标注，导致实物货主信息不明确的风险；3.货物堆放混乱且无安全通道，导致盘库困难难以确权的风险。,<answer id=499> 1.货物长期堆放造成锈蚀、变形等质量异议无法销售的风险；2.货物到货后单据没有欧冶货权标注，导致实物货主信息不明确的风险；3.货物堆放混乱且无安全通道，导致盘库困难难以确权的风险。
实物管理指什么？,<triple id=500> 实物管理	含义	1.货物长期堆放造成锈蚀、变形等质量异议无法销售的风险；2.货物到货后单据没有欧冶货权标注，导致实物货主信息不明确的风险；3.货物堆放混乱且无安全通道，导致盘库困难难以确权的风险。,<answer id=500> 1.货物长期堆放造成锈蚀、变形等质量异议无法销售的风险；2.货物到货后单据没有欧冶货权标注，导致实物货主信息不明确的风险；3.货物堆放混乱且无安全通道，导致盘库困难难以确权的风险。
怎么理解实物管理？,<triple id=502> 实物管理	含义	1.货物长期堆放造成锈蚀、变形等质量异议无法销售的风险；2.货物到货后单据没有欧冶货权标注，导致实物货主信息不明确的风险；3.货物堆放混乱且无安全通道，导致盘库困难难以确权的风险。,<answer id=502> 1.货物长期堆放造成锈蚀、变形等质量异议无法销售的风险；2.货物到货后单据没有欧冶货权标注，导致实物货主信息不明确的风险；3.货物堆放混乱且无安全通道，导致盘库困难难以确权的风险。
仓库监管的含义是什么？,<triple id=505> 仓库监管	含义	1.营销人员擅自发出出入库和运输指令，造成控货风险；2.仓库发生异常，欧冶物流监管不力未及时发现的风险；3.仓库配合度差，欧冶物流没有货物实际控制能力的风险。,<answer id=505> 1.营销人员擅自发出出入库和运输指令，造成控货风险；2.仓库发生异常，欧冶物流监管不力未及时发现的风险；3.仓库配合度差，欧冶物流没有货物实际控制能力的风险。
仓库监管是什么意思？,<triple id=507> 仓库监管	含义	1.营销人员擅自发出出入库和运输指令，造成控货风险；2.仓库发生异常，欧冶物流监管不力未及时发现的风险；3.仓库配合度差，欧冶物流没有货物实际控制能力的风险。,<answer id=507> 1.营销人员擅自发出出入库和运输指令，造成控货风险；2.仓库发生异常，欧冶物流监管不力未及时发现的风险；3.仓库配合度差，欧冶物流没有货物实际控制能力的风险。
仓库监管代表什么？,<triple id=508> 仓库监管	含义	1.营销人员擅自发出出入库和运输指令，造成控货风险；2.仓库发生异常，欧冶物流监管不力未及时发现的风险；3.仓库配合度差，欧冶物流没有货物实际控制能力的风险。,<answer id=508> 1.营销人员擅自发出出入库和运输指令，造成控货风险；2.仓库发生异常，欧冶物流监管不力未及时发现的风险；3.仓库配合度差，欧冶物流没有货物实际控制能力的风险。
怎么解释仓库监管？,<triple id=510> 仓库监管	含义	1.营销人员擅自发出出入库和运输指令，造成控货风险；2.仓库发生异常，欧冶物流监管不力未及时发现的风险；3.仓库配合度差，欧冶物流没有货物实际控制能力的风险。,<answer id=510> 1.营销人员擅自发出出入库和运输指令，造成控货风险；2.仓库发生异常，欧冶物流监管不力未及时发现的风险；3.仓库配合度差，欧冶物流没有货物实际控制能力的风险。
怎么理解仓库监管？,<triple id=511> 仓库监管	含义	1.营销人员擅自发出出入库和运输指令，造成控货风险；2.仓库发生异常，欧冶物流监管不力未及时发现的风险；3.仓库配合度差，欧冶物流没有货物实际控制能力的风险。,<answer id=511> 1.营销人员擅自发出出入库和运输指令，造成控货风险；2.仓库发生异常，欧冶物流监管不力未及时发现的风险；3.仓库配合度差，欧冶物流没有货物实际控制能力的风险。
仓库监管是什么等级的风险？,<triple id=513> 仓库监管	风险等级	高,<answer id=513> 高
应急处置是什么意思？,<triple id=516> 应急处置	含义	应急处置不及时或处置不当导致损失扩大的风险。,<answer id=516> 应急处置不及时或处置不当导致损失扩大的风险。
应急处置代表什么？,<triple id=517> 应急处置	含义	应急处置不及时或处置不当导致损失扩大的风险。,<answer id=517> 应急处置不及时或处置不当导致损失扩大的风险。
怎么解释应急处置？,<triple id=519> 应急处置	含义	应急处置不及时或处置不当导致损失扩大的风险。,<answer id=519> 应急处置不及时或处置不当导致损失扩大的风险。
怎么理解应急处置？,<triple id=520> 应急处置	含义	应急处置不及时或处置不当导致损失扩大的风险。,<answer id=520> 应急处置不及时或处置不当导致损失扩大的风险。
应急处置的风险等级是多少？,<triple id=521> 应急处置	风险等级	中,<answer id=521> 中
应急处置是什么等级的风险？,<triple id=522> 应急处置	风险等级	中,<answer id=522> 中
货物出库的定义是什么？,<triple id=524> 货物出库	含义	客户伪造提单直接提货、在无法确认货权的情况下进行转库、过磅超发或未按提单量发货，存在货物控货的风险。,<answer id=524> 客户伪造提单直接提货、在无法确认货权的情况下进行转库、过磅超发或未按提单量发货，存在货物控货的风险。
货物出库代表什么？,<triple id=526> 货物出库	含义	客户伪造提单直接提货、在无法确认货权的情况下进行转库、过磅超发或未按提单量发货，存在货物控货的风险。,<answer id=526> 客户伪造提单直接提货、在无法确认货权的情况下进行转库、过磅超发或未按提单量发货，存在货物控货的风险。
怎么理解货物出库？,<triple id=529> 货物出库	含义	客户伪造提单直接提货、在无法确认货权的情况下进行转库、过磅超发或未按提单量发货，存在货物控货的风险。,<answer id=529> 客户伪造提单直接提货、在无法确认货权的情况下进行转库、过磅超发或未按提单量发货，存在货物控货的风险。
货物出库的风险等级是多少？,<triple id=530> 货物出库	风险等级	中,<answer id=530> 中
库存超期的定义是什么？,<triple id=533> 库存超期	含义	仓库出现出入库数据异常，存在欺诈和确权的风险。,<answer id=533> 仓库出现出入库数据异常，存在欺诈和确权的风险。
库存超期指什么？,<triple id=536> 库存超期	含义	仓库出现出入库数据异常，存在欺诈和确权的风险。,<answer id=536> 仓库出现出入库数据异常，存在欺诈和确权的风险。
怎么理解库存超期？,<triple id=538> 库存超期	含义	仓库出现出入库数据异常，存在欺诈和确权的风险。,<answer id=538> 仓库出现出入库数据异常，存在欺诈和确权的风险。
库存超期的风险等级是多少？,<triple id=539> 库存超期	风险等级	中,<answer id=539> 中
库存超期是什么等级的风险？,<triple id=540> 库存超期	风险等级	中,<answer id=540> 中
结算价格的定义是什么？,<triple id=542> 结算价格	含义	因为合同价格条款不清晰、不能及时掌握供方价格政策，导致公司利益受损的风险。,<answer id=542> 因为合同价格条款不清晰、不能及时掌握供方价格政策，导致公司利益受损的风险。
结算价格是什么意思？,<triple id=543> 结算价格	含义	因为合同价格条款不清晰、不能及时掌握供方价格政策，导致公司利益受损的风险。,<answer id=543> 因为合同价格条款不清晰、不能及时掌握供方价格政策，导致公司利益受损的风险。
结算价格代表什么？,<triple id=544> 结算价格	含义	因为合同价格条款不清晰、不能及时掌握供方价格政策，导致公司利益受损的风险。,<answer id=544> 因为合同价格条款不清晰、不能及时掌握供方价格政策，导致公司利益受损的风险。
结算价格指什么？,<triple id=545> 结算价格	含义	因为合同价格条款不清晰、不能及时掌握供方价格政策，导致公司利益受损的风险。,<answer id=545> 因为合同价格条款不清晰、不能及时掌握供方价格政策，导致公司利益受损的风险。
怎么解释结算价格？,<triple id=546> 结算价格	含义	因为合同价格条款不清晰、不能及时掌握供方价格政策，导致公司利益受损的风险。,<answer id=546> 因为合同价格条款不清晰、不能及时掌握供方价格政策，导致公司利益受损的风险。
怎么理解结算价格？,<triple id=547> 结算价格	含义	因为合同价格条款不清晰、不能及时掌握供方价格政策，导致公司利益受损的风险。,<answer id=547> 因为合同价格条款不清晰、不能及时掌握供方价格政策，导致公司利益受损的风险。
结算价格的风险等级是多少？,<triple id=548> 结算价格	风险等级	中,<answer id=548> 中
结算价格是什么等级的风险？,<triple id=549> 结算价格	风险等级	中,<answer id=549> 中
采购发票的含义是什么？,<triple id=550> 采购发票	含义	因采购发票录入前未按照供方结算政策进行核对，易造成结算配单错误的风险。因为采购发票抵扣及提交不及时，造成公司税务损失的风险。,<answer id=550> 因采购发票录入前未按照供方结算政策进行核对，易造成结算配单错误的风险。因为采购发票抵扣及提交不及时，造成公司税务损失的风险。
采购发票的定义是什么？,<triple id=551> 采购发票	含义	因采购发票录入前未按照供方结算政策进行核对，易造成结算配单错误的风险。因为采购发票抵扣及提交不及时，造成公司税务损失的风险。,<answer id=551> 因采购发票录入前未按照供方结算政策进行核对，易造成结算配单错误的风险。因为采购发票抵扣及提交不及时，造成公司税务损失的风险。
采购发票是什么意思？,<triple id=552> 采购发票	含义	因采购发票录入前未按照供方结算政策进行核对，易造成结算配单错误的风险。因为采购发票抵扣及提交不及时，造成公司税务损失的风险。,<answer id=552> 因采购发票录入前未按照供方结算政策进行核对，易造成结算配单错误的风险。因为采购发票抵扣及提交不及时，造成公司税务损失的风险。
采购发票代表什么？,<triple id=553> 采购发票	含义	因采购发票录入前未按照供方结算政策进行核对，易造成结算配单错误的风险。因为采购发票抵扣及提交不及时，造成公司税务损失的风险。,<answer id=553> 因采购发票录入前未按照供方结算政策进行核对，易造成结算配单错误的风险。因为采购发票抵扣及提交不及时，造成公司税务损失的风险。
怎么解释采购发票？,<triple id=555> 采购发票	含义	因采购发票录入前未按照供方结算政策进行核对，易造成结算配单错误的风险。因为采购发票抵扣及提交不及时，造成公司税务损失的风险。,<answer id=555> 因采购发票录入前未按照供方结算政策进行核对，易造成结算配单错误的风险。因为采购发票抵扣及提交不及时，造成公司税务损失的风险。
采购发票的风险等级是多少？,<triple id=557> 采购发票	风险等级	低,<answer id=557> 低
采购发票是什么等级的风险？,<triple id=558> 采购发票	风险等级	低,<answer id=558> 低
增值税进销项管理的定义是什么？,<triple id=560> 增值税进销项管理	含义	增值税进销项管理不当导致公司利益受损的风险。,<answer id=560> 增值税进销项管理不当导致公司利益受损的风险。
增值税进销项管理是什么意思？,<triple id=561> 增值税进销项管理	含义	增值税进销项管理不当导致公司利益受损的风险。,<answer id=561> 增值税进销项管理不当导致公司利益受损的风险。
增值税进销项管理指什么？,<triple id=563> 增值税进销项管理	含义	增值税进销项管理不当导致公司利益受损的风险。,<answer id=563> 增值税进销项管理不当导致公司利益受损的风险。
增值税进销项管理的风险等级是多少？,<triple id=566> 增值税进销项管理	风险等级	低,<answer id=566> 低
采购结算的含义是什么？,<triple id=568> 采购结算	含义	1.因供应商开票或采购结算不及时，导致欧冶进项税不足、货物安全被威胁不能被及时发现的风险。,<answer id=568> 1.因供应商开票或采购结算不及时，导致欧冶进项税不足、货物安全被威胁不能被及时发现的风险。
采购结算是什么意思？,<triple id=570> 采购结算	含义	1.因供应商开票或采购结算不及时，导致欧冶进项税不足、货物安全被威胁不能被及时发现的风险。,<answer id=570> 1.因供应商开票或采购结算不及时，导致欧冶进项税不足、货物安全被威胁不能被及时发现的风险。
采购结算代表什么？,<triple id=571> 采购结算	含义	1.因供应商开票或采购结算不及时，导致欧冶进项税不足、货物安全被威胁不能被及时发现的风险。,<answer id=571> 1.因供应商开票或采购结算不及时，导致欧冶进项税不足、货物安全被威胁不能被及时发现的风险。
采购结算指什么？,<triple id=572> 采购结算	含义	1.因供应商开票或采购结算不及时，导致欧冶进项税不足、货物安全被威胁不能被及时发现的风险。,<answer id=572> 1.因供应商开票或采购结算不及时，导致欧冶进项税不足、货物安全被威胁不能被及时发现的风险。
怎么解释采购结算？,<triple id=573> 采购结算	含义	1.因供应商开票或采购结算不及时，导致欧冶进项税不足、货物安全被威胁不能被及时发现的风险。,<answer id=573> 1.因供应商开票或采购结算不及时，导致欧冶进项税不足、货物安全被威胁不能被及时发现的风险。
采购价差核对是什么意思？,<triple id=579> 采购价差核对	含义	因采购价差出错导致销售结算价格错误、客户满意度下降及公司利润受损的风险。,<answer id=579> 因采购价差出错导致销售结算价格错误、客户满意度下降及公司利润受损的风险。
采购价差核对代表什么？,<triple id=580> 采购价差核对	含义	因采购价差出错导致销售结算价格错误、客户满意度下降及公司利润受损的风险。,<answer id=580> 因采购价差出错导致销售结算价格错误、客户满意度下降及公司利润受损的风险。
采购价差核对指什么？,<triple id=581> 采购价差核对	含义	因采购价差出错导致销售结算价格错误、客户满意度下降及公司利润受损的风险。,<answer id=581> 因采购价差出错导致销售结算价格错误、客户满意度下降及公司利润受损的风险。
怎么解释采购价差核对？,<triple id=582> 采购价差核对	含义	因采购价差出错导致销售结算价格错误、客户满意度下降及公司利润受损的风险。,<answer id=582> 因采购价差出错导致销售结算价格错误、客户满意度下降及公司利润受损的风险。
怎么理解采购价差核对？,<triple id=583> 采购价差核对	含义	因采购价差出错导致销售结算价格错误、客户满意度下降及公司利润受损的风险。,<answer id=583> 因采购价差出错导致销售结算价格错误、客户满意度下降及公司利润受损的风险。
采购价差核对的风险等级是多少？,<triple id=584> 采购价差核对	风险等级	低,<answer id=584> 低
采购价差核对是什么等级的风险？,<triple id=585> 采购价差核对	风险等级	低,<answer id=585> 低
客户折扣生成的定义是什么？,<triple id=587> 客户折扣生成	含义	客户折扣延迟生成、重复生成、错误生成，返利返差折扣分配错误导致影响客户体验或公司利益受损的风险。,<answer id=587> 客户折扣延迟生成、重复生成、错误生成，返利返差折扣分配错误导致影响客户体验或公司利益受损的风险。
客户折扣生成代表什么？,<triple id=589> 客户折扣生成	含义	客户折扣延迟生成、重复生成、错误生成，返利返差折扣分配错误导致影响客户体验或公司利益受损的风险。,<answer id=589> 客户折扣延迟生成、重复生成、错误生成，返利返差折扣分配错误导致影响客户体验或公司利益受损的风险。
怎么理解客户折扣生成？,<triple id=592> 客户折扣生成	含义	客户折扣延迟生成、重复生成、错误生成，返利返差折扣分配错误导致影响客户体验或公司利益受损的风险。,<answer id=592> 客户折扣延迟生成、重复生成、错误生成，返利返差折扣分配错误导致影响客户体验或公司利益受损的风险。
客户折扣生成的风险等级是多少？,<triple id=593> 客户折扣生成	风险等级	低,<answer id=593> 低
客户折扣生成是什么等级的风险？,<triple id=594> 客户折扣生成	风险等级	低,<answer id=594> 低
销售发票结算是什么意思？,<triple id=597> 销售发票结算	含义	1.销售超期未结算，导致客户满意度下降，业务量缩减甚至客户流失的风险。2.销售合同正折扣未生效，直接向客户开票，如客户无业务合作，将造成客户拒绝继续补款、客户拒绝接受无重量发票及公司利润受损的风险。,<answer id=597> 1.销售超期未结算，导致客户满意度下降，业务量缩减甚至客户流失的风险。2.销售合同正折扣未生效，直接向客户开票，如客户无业务合作，将造成客户拒绝继续补款、客户拒绝接受无重量发票及公司利润受损的风险。
销售发票结算代表什么？,<triple id=598> 销售发票结算	含义	1.销售超期未结算，导致客户满意度下降，业务量缩减甚至客户流失的风险。2.销售合同正折扣未生效，直接向客户开票，如客户无业务合作，将造成客户拒绝继续补款、客户拒绝接受无重量发票及公司利润受损的风险。,<answer id=598> 1.销售超期未结算，导致客户满意度下降，业务量缩减甚至客户流失的风险。2.销售合同正折扣未生效，直接向客户开票，如客户无业务合作，将造成客户拒绝继续补款、客户拒绝接受无重量发票及公司利润受损的风险。
销售发票结算指什么？,<triple id=599> 销售发票结算	含义	1.销售超期未结算，导致客户满意度下降，业务量缩减甚至客户流失的风险。2.销售合同正折扣未生效，直接向客户开票，如客户无业务合作，将造成客户拒绝继续补款、客户拒绝接受无重量发票及公司利润受损的风险。,<answer id=599> 1.销售超期未结算，导致客户满意度下降，业务量缩减甚至客户流失的风险。2.销售合同正折扣未生效，直接向客户开票，如客户无业务合作，将造成客户拒绝继续补款、客户拒绝接受无重量发票及公司利润受损的风险。
怎么解释销售发票结算？,<triple id=600> 销售发票结算	含义	1.销售超期未结算，导致客户满意度下降，业务量缩减甚至客户流失的风险。2.销售合同正折扣未生效，直接向客户开票，如客户无业务合作，将造成客户拒绝继续补款、客户拒绝接受无重量发票及公司利润受损的风险。,<answer id=600> 1.销售超期未结算，导致客户满意度下降，业务量缩减甚至客户流失的风险。2.销售合同正折扣未生效，直接向客户开票，如客户无业务合作，将造成客户拒绝继续补款、客户拒绝接受无重量发票及公司利润受损的风险。
怎么理解销售发票结算？,<triple id=601> 销售发票结算	含义	1.销售超期未结算，导致客户满意度下降，业务量缩减甚至客户流失的风险。2.销售合同正折扣未生效，直接向客户开票，如客户无业务合作，将造成客户拒绝继续补款、客户拒绝接受无重量发票及公司利润受损的风险。,<answer id=601> 1.销售超期未结算，导致客户满意度下降，业务量缩减甚至客户流失的风险。2.销售合同正折扣未生效，直接向客户开票，如客户无业务合作，将造成客户拒绝继续补款、客户拒绝接受无重量发票及公司利润受损的风险。
销售发票结算的风险等级是多少？,<triple id=602> 销售发票结算	风险等级	中,<answer id=602> 中
质量异议的含义是什么？,<triple id=604> 质量异议	含义	1.因质量异议处理人员与供方或客户沆瀣一气，导致质量理赔不公平、交易对方或公司利益受损的风险。2.统购分销业务因供方赔付金额低于公司赔付客户金额或供方超期不予赔付，造成公司利益受损的风险。,<answer id=604> 1.因质量异议处理人员与供方或客户沆瀣一气，导致质量理赔不公平、交易对方或公司利益受损的风险。2.统购分销业务因供方赔付金额低于公司赔付客户金额或供方超期不予赔付，造成公司利益受损的风险。
质量异议是什么意思？,<triple id=606> 质量异议	含义	1.因质量异议处理人员与供方或客户沆瀣一气，导致质量理赔不公平、交易对方或公司利益受损的风险。2.统购分销业务因供方赔付金额低于公司赔付客户金额或供方超期不予赔付，造成公司利益受损的风险。,<answer id=606> 1.因质量异议处理人员与供方或客户沆瀣一气，导致质量理赔不公平、交易对方或公司利益受损的风险。2.统购分销业务因供方赔付金额低于公司赔付客户金额或供方超期不予赔付，造成公司利益受损的风险。
质量异议的风险等级是多少？,<triple id=611> 质量异议	风险等级	低,<answer id=611> 低
质量异议是什么等级的风险？,<triple id=612> 质量异议	风险等级	低,<answer id=612> 低
毛利核算的含义是什么？,<triple id=613> 毛利核算	含义	毛利异常未及时发现导致公司利益受损的风险。,<answer id=613> 毛利异常未及时发现导致公司利益受损的风险。
毛利核算的定义是什么？,<triple id=614> 毛利核算	含义	毛利异常未及时发现导致公司利益受损的风险。,<answer id=614> 毛利异常未及时发现导致公司利益受损的风险。
毛利核算是什么意思？,<triple id=615> 毛利核算	含义	毛利异常未及时发现导致公司利益受损的风险。,<answer id=615> 毛利异常未及时发现导致公司利益受损的风险。
毛利核算指什么？,<triple id=617> 毛利核算	含义	毛利异常未及时发现导致公司利益受损的风险。,<answer id=617> 毛利异常未及时发现导致公司利益受损的风险。
怎么解释毛利核算？,<triple id=618> 毛利核算	含义	毛利异常未及时发现导致公司利益受损的风险。,<answer id=618> 毛利异常未及时发现导致公司利益受损的风险。
毛利核算的风险等级是多少？,<triple id=620> 毛利核算	风险等级	中,<answer id=620> 中
毛利核算是什么等级的风险？,<triple id=621> 毛利核算	风险等级	中,<answer id=621> 中
定期对账代表什么？,<triple id=625> 定期对账	含义	未定期对账，导致账目混乱、出现呆账、坏账的风险。,<answer id=625> 未定期对账，导致账目混乱、出现呆账、坏账的风险。
怎么理解定期对账？,<triple id=628> 定期对账	含义	未定期对账，导致账目混乱、出现呆账、坏账的风险。,<answer id=628> 未定期对账，导致账目混乱、出现呆账、坏账的风险。
定期对账的风险等级是多少？,<triple id=629> 定期对账	风险等级	低,<answer id=629> 低
定期对账是什么等级的风险？,<triple id=630> 定期对账	风险等级	低,<answer id=630> 低
钢厂余款处理的定义是什么？,<triple id=632> 钢厂余款处理	含义	钢厂退款周期过长，造成资金长期被占用的风险。跨区域在开展统购分销业务时，余款未在释放后即刻转订货使用，造成资金沉淀风险。,<answer id=632> 钢厂退款周期过长，造成资金长期被占用的风险。跨区域在开展统购分销业务时，余款未在释放后即刻转订货使用，造成资金沉淀风险。
钢厂余款处理是什么意思？,<triple id=633> 钢厂余款处理	含义	钢厂退款周期过长，造成资金长期被占用的风险。跨区域在开展统购分销业务时，余款未在释放后即刻转订货使用，造成资金沉淀风险。,<answer id=633> 钢厂退款周期过长，造成资金长期被占用的风险。跨区域在开展统购分销业务时，余款未在释放后即刻转订货使用，造成资金沉淀风险。
怎么解释钢厂余款处理？,<triple id=636> 钢厂余款处理	含义	钢厂退款周期过长，造成资金长期被占用的风险。跨区域在开展统购分销业务时，余款未在释放后即刻转订货使用，造成资金沉淀风险。,<answer id=636> 钢厂退款周期过长，造成资金长期被占用的风险。跨区域在开展统购分销业务时，余款未在释放后即刻转订货使用，造成资金沉淀风险。
怎么理解钢厂余款处理？,<triple id=637> 钢厂余款处理	含义	钢厂退款周期过长，造成资金长期被占用的风险。跨区域在开展统购分销业务时，余款未在释放后即刻转订货使用，造成资金沉淀风险。,<answer id=637> 钢厂退款周期过长，造成资金长期被占用的风险。跨区域在开展统购分销业务时，余款未在释放后即刻转订货使用，造成资金沉淀风险。
客户退款的含义是什么？,<triple id=640> 客户退款	含义	后结算业务存在钢厂余款未退回我司账户，但我司已对客户退款的风险。,<answer id=640> 后结算业务存在钢厂余款未退回我司账户，但我司已对客户退款的风险。
客户退款的定义是什么？,<triple id=641> 客户退款	含义	后结算业务存在钢厂余款未退回我司账户，但我司已对客户退款的风险。,<answer id=641> 后结算业务存在钢厂余款未退回我司账户，但我司已对客户退款的风险。
客户退款是什么意思？,<triple id=642> 客户退款	含义	后结算业务存在钢厂余款未退回我司账户，但我司已对客户退款的风险。,<answer id=642> 后结算业务存在钢厂余款未退回我司账户，但我司已对客户退款的风险。
怎么解释客户退款？,<triple id=645> 客户退款	含义	后结算业务存在钢厂余款未退回我司账户，但我司已对客户退款的风险。,<answer id=645> 后结算业务存在钢厂余款未退回我司账户，但我司已对客户退款的风险。
怎么理解客户退款？,<triple id=646> 客户退款	含义	后结算业务存在钢厂余款未退回我司账户，但我司已对客户退款的风险。,<answer id=646> 后结算业务存在钢厂余款未退回我司账户，但我司已对客户退款的风险。
客户退款的风险等级是多少？,<triple id=647> 客户退款	风险等级	低,<answer id=647> 低
合同结案的定义是什么？,<triple id=650> 合同结案	含义	合同提前结案导致客户资金提前被释放的风险。,<answer id=650> 合同提前结案导致客户资金提前被释放的风险。
合同结案代表什么？,<triple id=652> 合同结案	含义	合同提前结案导致客户资金提前被释放的风险。,<answer id=652> 合同提前结案导致客户资金提前被释放的风险。
怎么理解合同结案？,<triple id=655> 合同结案	含义	合同提前结案导致客户资金提前被释放的风险。,<answer id=655> 合同提前结案导致客户资金提前被释放的风险。
合同结案是什么等级的风险？,<triple id=657> 合同结案	风险等级	低,<answer id=657> 低
业务归档的含义是什么？,<triple id=658> 业务归档	含义	1.归档合同与系统合同不一致、归档合同不完整、合同未签字导致与供方或客户发生合同纠纷时，公司无法拿出有效的法律凭证；2.重要线下业务单据未归档，导致超授权开展业务无相关审批依据的风险。,<answer id=658> 1.归档合同与系统合同不一致、归档合同不完整、合同未签字导致与供方或客户发生合同纠纷时，公司无法拿出有效的法律凭证；2.重要线下业务单据未归档，导致超授权开展业务无相关审批依据的风险。
业务归档的定义是什么？,<triple id=659> 业务归档	含义	1.归档合同与系统合同不一致、归档合同不完整、合同未签字导致与供方或客户发生合同纠纷时，公司无法拿出有效的法律凭证；2.重要线下业务单据未归档，导致超授权开展业务无相关审批依据的风险。,<answer id=659> 1.归档合同与系统合同不一致、归档合同不完整、合同未签字导致与供方或客户发生合同纠纷时，公司无法拿出有效的法律凭证；2.重要线下业务单据未归档，导致超授权开展业务无相关审批依据的风险。
业务归档代表什么？,<triple id=661> 业务归档	含义	1.归档合同与系统合同不一致、归档合同不完整、合同未签字导致与供方或客户发生合同纠纷时，公司无法拿出有效的法律凭证；2.重要线下业务单据未归档，导致超授权开展业务无相关审批依据的风险。,<answer id=661> 1.归档合同与系统合同不一致、归档合同不完整、合同未签字导致与供方或客户发生合同纠纷时，公司无法拿出有效的法律凭证；2.重要线下业务单据未归档，导致超授权开展业务无相关审批依据的风险。
业务归档指什么？,<triple id=662> 业务归档	含义	1.归档合同与系统合同不一致、归档合同不完整、合同未签字导致与供方或客户发生合同纠纷时，公司无法拿出有效的法律凭证；2.重要线下业务单据未归档，导致超授权开展业务无相关审批依据的风险。,<answer id=662> 1.归档合同与系统合同不一致、归档合同不完整、合同未签字导致与供方或客户发生合同纠纷时，公司无法拿出有效的法律凭证；2.重要线下业务单据未归档，导致超授权开展业务无相关审批依据的风险。
怎么解释业务归档？,<triple id=663> 业务归档	含义	1.归档合同与系统合同不一致、归档合同不完整、合同未签字导致与供方或客户发生合同纠纷时，公司无法拿出有效的法律凭证；2.重要线下业务单据未归档，导致超授权开展业务无相关审批依据的风险。,<answer id=663> 1.归档合同与系统合同不一致、归档合同不完整、合同未签字导致与供方或客户发生合同纠纷时，公司无法拿出有效的法律凭证；2.重要线下业务单据未归档，导致超授权开展业务无相关审批依据的风险。
业务归档的风险等级是多少？,<triple id=665> 业务归档	风险等级	低,<answer id=665> 低
长龄库存是什么意思？,<triple id=669> 长龄库存	含义	有去向业务中客户超过“最后付款日2”30个自然日仍然未支付货款的情况应启动应急处置流程；无去向业务从系统入库起算库龄超过90天的情况应启动应急处置流程。,<answer id=669> 有去向业务中客户超过“最后付款日2”30个自然日仍然未支付货款的情况应启动应急处置流程；无去向业务从系统入库起算库龄超过90天的情况应启动应急处置流程。
长龄库存代表什么？,<triple id=670> 长龄库存	含义	有去向业务中客户超过“最后付款日2”30个自然日仍然未支付货款的情况应启动应急处置流程；无去向业务从系统入库起算库龄超过90天的情况应启动应急处置流程。,<answer id=670> 有去向业务中客户超过“最后付款日2”30个自然日仍然未支付货款的情况应启动应急处置流程；无去向业务从系统入库起算库龄超过90天的情况应启动应急处置流程。
怎么理解长龄库存？,<triple id=673> 长龄库存	含义	有去向业务中客户超过“最后付款日2”30个自然日仍然未支付货款的情况应启动应急处置流程；无去向业务从系统入库起算库龄超过90天的情况应启动应急处置流程。,<answer id=673> 有去向业务中客户超过“最后付款日2”30个自然日仍然未支付货款的情况应启动应急处置流程；无去向业务从系统入库起算库龄超过90天的情况应启动应急处置流程。
长龄库存的类型是什么？,<triple id=676> 长龄库存	类型	物流类,<answer id=676> 物流类
授信的含义是什么？,<triple id=678> 授信	含义	信用政策按交易对象性质分为采购信用政策（供应商授信）和销售信用政策（客户授信）。供应商授信是债权成立时点为支付采购预付款或为获得服务/劳务支付预付款。支付方式包括现款、票据（含商业承兑汇票）、电子债权凭证（含通宝或类似债权凭证）及其他银行支付工具。债权结束时点为实质已取得货物、服务/劳务控制权。销售信用政策具体指在销售业务中，提供货物（含物权转移凭证）、服务/劳务在前，取得相应款项在后的行为。债权结束时点为收到客户欠款。,<answer id=678> 信用政策按交易对象性质分为采购信用政策（供应商授信）和销售信用政策（客户授信）。供应商授信是债权成立时点为支付采购预付款或为获得服务/劳务支付预付款。支付方式包括现款、票据（含商业承兑汇票）、电子债权凭证（含通宝或类似债权凭证）及其他银行支付工具。债权结束时点为实质已取得货物、服务/劳务控制权。销售信用政策具体指在销售业务中，提供货物（含物权转移凭证）、服务/劳务在前，取得相应款项在后的行为。债权结束时点为收到客户欠款。
授信的定义是什么？,<triple id=679> 授信	含义	信用政策按交易对象性质分为采购信用政策（供应商授信）和销售信用政策（客户授信）。供应商授信是债权成立时点为支付采购预付款或为获得服务/劳务支付预付款。支付方式包括现款、票据（含商业承兑汇票）、电子债权凭证（含通宝或类似债权凭证）及其他银行支付工具。债权结束时点为实质已取得货物、服务/劳务控制权。销售信用政策具体指在销售业务中，提供货物（含物权转移凭证）、服务/劳务在前，取得相应款项在后的行为。债权结束时点为收到客户欠款。,<answer id=679> 信用政策按交易对象性质分为采购信用政策（供应商授信）和销售信用政策（客户授信）。供应商授信是债权成立时点为支付采购预付款或为获得服务/劳务支付预付款。支付方式包括现款、票据（含商业承兑汇票）、电子债权凭证（含通宝或类似债权凭证）及其他银行支付工具。债权结束时点为实质已取得货物、服务/劳务控制权。销售信用政策具体指在销售业务中，提供货物（含物权转移凭证）、服务/劳务在前，取得相应款项在后的行为。债权结束时点为收到客户欠款。
授信是什么意思？,<triple id=680> 授信	含义	信用政策按交易对象性质分为采购信用政策（供应商授信）和销售信用政策（客户授信）。供应商授信是债权成立时点为支付采购预付款或为获得服务/劳务支付预付款。支付方式包括现款、票据（含商业承兑汇票）、电子债权凭证（含通宝或类似债权凭证）及其他银行支付工具。债权结束时点为实质已取得货物、服务/劳务控制权。销售信用政策具体指在销售业务中，提供货物（含物权转移凭证）、服务/劳务在前，取得相应款项在后的行为。债权结束时点为收到客户欠款。,<answer id=680> 信用政策按交易对象性质分为采购信用政策（供应商授信）和销售信用政策（客户授信）。供应商授信是债权成立时点为支付采购预付款或为获得服务/劳务支付预付款。支付方式包括现款、票据（含商业承兑汇票）、电子债权凭证（含通宝或类似债权凭证）及其他银行支付工具。债权结束时点为实质已取得货物、服务/劳务控制权。销售信用政策具体指在销售业务中，提供货物（含物权转移凭证）、服务/劳务在前，取得相应款项在后的行为。债权结束时点为收到客户欠款。
授信代表什么？,<triple id=681> 授信	含义	信用政策按交易对象性质分为采购信用政策（供应商授信）和销售信用政策（客户授信）。供应商授信是债权成立时点为支付采购预付款或为获得服务/劳务支付预付款。支付方式包括现款、票据（含商业承兑汇票）、电子债权凭证（含通宝或类似债权凭证）及其他银行支付工具。债权结束时点为实质已取得货物、服务/劳务控制权。销售信用政策具体指在销售业务中，提供货物（含物权转移凭证）、服务/劳务在前，取得相应款项在后的行为。债权结束时点为收到客户欠款。,<answer id=681> 信用政策按交易对象性质分为采购信用政策（供应商授信）和销售信用政策（客户授信）。供应商授信是债权成立时点为支付采购预付款或为获得服务/劳务支付预付款。支付方式包括现款、票据（含商业承兑汇票）、电子债权凭证（含通宝或类似债权凭证）及其他银行支付工具。债权结束时点为实质已取得货物、服务/劳务控制权。销售信用政策具体指在销售业务中，提供货物（含物权转移凭证）、服务/劳务在前，取得相应款项在后的行为。债权结束时点为收到客户欠款。
授信指什么？,<triple id=682> 授信	含义	信用政策按交易对象性质分为采购信用政策（供应商授信）和销售信用政策（客户授信）。供应商授信是债权成立时点为支付采购预付款或为获得服务/劳务支付预付款。支付方式包括现款、票据（含商业承兑汇票）、电子债权凭证（含通宝或类似债权凭证）及其他银行支付工具。债权结束时点为实质已取得货物、服务/劳务控制权。销售信用政策具体指在销售业务中，提供货物（含物权转移凭证）、服务/劳务在前，取得相应款项在后的行为。债权结束时点为收到客户欠款。,<answer id=682> 信用政策按交易对象性质分为采购信用政策（供应商授信）和销售信用政策（客户授信）。供应商授信是债权成立时点为支付采购预付款或为获得服务/劳务支付预付款。支付方式包括现款、票据（含商业承兑汇票）、电子债权凭证（含通宝或类似债权凭证）及其他银行支付工具。债权结束时点为实质已取得货物、服务/劳务控制权。销售信用政策具体指在销售业务中，提供货物（含物权转移凭证）、服务/劳务在前，取得相应款项在后的行为。债权结束时点为收到客户欠款。
怎么解释授信？,<triple id=683> 授信	含义	信用政策按交易对象性质分为采购信用政策（供应商授信）和销售信用政策（客户授信）。供应商授信是债权成立时点为支付采购预付款或为获得服务/劳务支付预付款。支付方式包括现款、票据（含商业承兑汇票）、电子债权凭证（含通宝或类似债权凭证）及其他银行支付工具。债权结束时点为实质已取得货物、服务/劳务控制权。销售信用政策具体指在销售业务中，提供货物（含物权转移凭证）、服务/劳务在前，取得相应款项在后的行为。债权结束时点为收到客户欠款。,<answer id=683> 信用政策按交易对象性质分为采购信用政策（供应商授信）和销售信用政策（客户授信）。供应商授信是债权成立时点为支付采购预付款或为获得服务/劳务支付预付款。支付方式包括现款、票据（含商业承兑汇票）、电子债权凭证（含通宝或类似债权凭证）及其他银行支付工具。债权结束时点为实质已取得货物、服务/劳务控制权。销售信用政策具体指在销售业务中，提供货物（含物权转移凭证）、服务/劳务在前，取得相应款项在后的行为。债权结束时点为收到客户欠款。
怎么理解授信？,<triple id=684> 授信	含义	信用政策按交易对象性质分为采购信用政策（供应商授信）和销售信用政策（客户授信）。供应商授信是债权成立时点为支付采购预付款或为获得服务/劳务支付预付款。支付方式包括现款、票据（含商业承兑汇票）、电子债权凭证（含通宝或类似债权凭证）及其他银行支付工具。债权结束时点为实质已取得货物、服务/劳务控制权。销售信用政策具体指在销售业务中，提供货物（含物权转移凭证）、服务/劳务在前，取得相应款项在后的行为。债权结束时点为收到客户欠款。,<answer id=684> 信用政策按交易对象性质分为采购信用政策（供应商授信）和销售信用政策（客户授信）。供应商授信是债权成立时点为支付采购预付款或为获得服务/劳务支付预付款。支付方式包括现款、票据（含商业承兑汇票）、电子债权凭证（含通宝或类似债权凭证）及其他银行支付工具。债权结束时点为实质已取得货物、服务/劳务控制权。销售信用政策具体指在销售业务中，提供货物（含物权转移凭证）、服务/劳务在前，取得相应款项在后的行为。债权结束时点为收到客户欠款。
授信属于什么类型？,<triple id=685> 授信	类型	信用类,<answer id=685> 信用类
授信属于什么类别？,<triple id=686> 授信	类型	信用类,<answer id=686> 信用类
授信的类型是什么？,<triple id=687> 授信	类型	信用类,<answer id=687> 信用类
授信的类别是什么？,<triple id=688> 授信	类型	信用类,<answer id=688> 信用类
代收代付的含义是什么？,<triple id=689> 代收代付	含义	代收代付指欧冶材料或地区公司与物流供方签订运输合同，代物流供方收取用户运杂费，物流供方开具抬头为用户的运杂费发票通过欧冶材料或地区公司转交给用户，欧冶材料或地区公司凭发票复印件与物流供方进行结算。,<answer id=689> 代收代付指欧冶材料或地区公司与物流供方签订运输合同，代物流供方收取用户运杂费，物流供方开具抬头为用户的运杂费发票通过欧冶材料或地区公司转交给用户，欧冶材料或地区公司凭发票复印件与物流供方进行结算。
代收代付代表什么？,<triple id=692> 代收代付	含义	代收代付指欧冶材料或地区公司与物流供方签订运输合同，代物流供方收取用户运杂费，物流供方开具抬头为用户的运杂费发票通过欧冶材料或地区公司转交给用户，欧冶材料或地区公司凭发票复印件与物流供方进行结算。,<answer id=692> 代收代付指欧冶材料或地区公司与物流供方签订运输合同，代物流供方收取用户运杂费，物流供方开具抬头为用户的运杂费发票通过欧冶材料或地区公司转交给用户，欧冶材料或地区公司凭发票复印件与物流供方进行结算。
代收代付指什么？,<triple id=693> 代收代付	含义	代收代付指欧冶材料或地区公司与物流供方签订运输合同，代物流供方收取用户运杂费，物流供方开具抬头为用户的运杂费发票通过欧冶材料或地区公司转交给用户，欧冶材料或地区公司凭发票复印件与物流供方进行结算。,<answer id=693> 代收代付指欧冶材料或地区公司与物流供方签订运输合同，代物流供方收取用户运杂费，物流供方开具抬头为用户的运杂费发票通过欧冶材料或地区公司转交给用户，欧冶材料或地区公司凭发票复印件与物流供方进行结算。
代收代付属于什么类型？,<triple id=696> 代收代付	类型	业务类,<answer id=696> 业务类
代收代付的类别是什么？,<triple id=699> 代收代付	类型	业务类,<answer id=699> 业务类
采购价差的含义是什么？,<triple id=700> 采购价差	含义	采购价差折扣指根据与客户的销售合同约定货款后结算，向客户收取或给予客户的货款折扣；系统新增的采购价差折扣为销售资源对应的采购结算金额与采购入库金额差值。,<answer id=700> 采购价差折扣指根据与客户的销售合同约定货款后结算，向客户收取或给予客户的货款折扣；系统新增的采购价差折扣为销售资源对应的采购结算金额与采购入库金额差值。
采购价差是什么意思？,<triple id=702> 采购价差	含义	采购价差折扣指根据与客户的销售合同约定货款后结算，向客户收取或给予客户的货款折扣；系统新增的采购价差折扣为销售资源对应的采购结算金额与采购入库金额差值。,<answer id=702> 采购价差折扣指根据与客户的销售合同约定货款后结算，向客户收取或给予客户的货款折扣；系统新增的采购价差折扣为销售资源对应的采购结算金额与采购入库金额差值。
采购价差代表什么？,<triple id=703> 采购价差	含义	采购价差折扣指根据与客户的销售合同约定货款后结算，向客户收取或给予客户的货款折扣；系统新增的采购价差折扣为销售资源对应的采购结算金额与采购入库金额差值。,<answer id=703> 采购价差折扣指根据与客户的销售合同约定货款后结算，向客户收取或给予客户的货款折扣；系统新增的采购价差折扣为销售资源对应的采购结算金额与采购入库金额差值。
怎么解释采购价差？,<triple id=705> 采购价差	含义	采购价差折扣指根据与客户的销售合同约定货款后结算，向客户收取或给予客户的货款折扣；系统新增的采购价差折扣为销售资源对应的采购结算金额与采购入库金额差值。,<answer id=705> 采购价差折扣指根据与客户的销售合同约定货款后结算，向客户收取或给予客户的货款折扣；系统新增的采购价差折扣为销售资源对应的采购结算金额与采购入库金额差值。
采购价差属于什么类别？,<triple id=708> 采购价差	类型	业务类,<answer id=708> 业务类
采购价差的类型是什么？,<triple id=709> 采购价差	类型	业务类,<answer id=709> 业务类
采购价差的类别是什么？,<triple id=710> 采购价差	类型	业务类,<answer id=710> 业务类
返利返差的定义是什么？,<triple id=712> 返利返差	含义	返利返差折扣指根据与客户的销售合同约定，定期给予客户的结算优惠。,<answer id=712> 返利返差折扣指根据与客户的销售合同约定，定期给予客户的结算优惠。
返利返差是什么意思？,<triple id=713> 返利返差	含义	返利返差折扣指根据与客户的销售合同约定，定期给予客户的结算优惠。,<answer id=713> 返利返差折扣指根据与客户的销售合同约定，定期给予客户的结算优惠。
返利返差代表什么？,<triple id=714> 返利返差	含义	返利返差折扣指根据与客户的销售合同约定，定期给予客户的结算优惠。,<answer id=714> 返利返差折扣指根据与客户的销售合同约定，定期给予客户的结算优惠。
返利返差指什么？,<triple id=715> 返利返差	含义	返利返差折扣指根据与客户的销售合同约定，定期给予客户的结算优惠。,<answer id=715> 返利返差折扣指根据与客户的销售合同约定，定期给予客户的结算优惠。
返利返差的类型是什么？,<triple id=720> 返利返差	类型	业务类,<answer id=720> 业务类
返利返差的类别是什么？,<triple id=721> 返利返差	类型	业务类,<answer id=721> 业务类
定金的含义是什么？,<triple id=722> 定金	含义	订立合同的双发可以自由约定定金的数额，但是最高不能超过主合同标的额的百分之二十，超过部分不具有定金的效力。在我国的合同的订立过程中，当事人可以约定一方向对方给付定金作为债权的担保。定金合同自实际交付定金时成立。,<answer id=722> 订立合同的双发可以自由约定定金的数额，但是最高不能超过主合同标的额的百分之二十，超过部分不具有定金的效力。在我国的合同的订立过程中，当事人可以约定一方向对方给付定金作为债权的担保。定金合同自实际交付定金时成立。
定金的定义是什么？,<triple id=723> 定金	含义	订立合同的双发可以自由约定定金的数额，但是最高不能超过主合同标的额的百分之二十，超过部分不具有定金的效力。在我国的合同的订立过程中，当事人可以约定一方向对方给付定金作为债权的担保。定金合同自实际交付定金时成立。,<answer id=723> 订立合同的双发可以自由约定定金的数额，但是最高不能超过主合同标的额的百分之二十，超过部分不具有定金的效力。在我国的合同的订立过程中，当事人可以约定一方向对方给付定金作为债权的担保。定金合同自实际交付定金时成立。
定金是什么意思？,<triple id=724> 定金	含义	订立合同的双发可以自由约定定金的数额，但是最高不能超过主合同标的额的百分之二十，超过部分不具有定金的效力。在我国的合同的订立过程中，当事人可以约定一方向对方给付定金作为债权的担保。定金合同自实际交付定金时成立。,<answer id=724> 订立合同的双发可以自由约定定金的数额，但是最高不能超过主合同标的额的百分之二十，超过部分不具有定金的效力。在我国的合同的订立过程中，当事人可以约定一方向对方给付定金作为债权的担保。定金合同自实际交付定金时成立。
定金指什么？,<triple id=726> 定金	含义	订立合同的双发可以自由约定定金的数额，但是最高不能超过主合同标的额的百分之二十，超过部分不具有定金的效力。在我国的合同的订立过程中，当事人可以约定一方向对方给付定金作为债权的担保。定金合同自实际交付定金时成立。,<answer id=726> 订立合同的双发可以自由约定定金的数额，但是最高不能超过主合同标的额的百分之二十，超过部分不具有定金的效力。在我国的合同的订立过程中，当事人可以约定一方向对方给付定金作为债权的担保。定金合同自实际交付定金时成立。
定金属于什么类型？,<triple id=729> 定金	类型	业务类,<answer id=729> 业务类
定金属于什么类别？,<triple id=730> 定金	类型	业务类,<answer id=730> 业务类
定金的类型是什么？,<triple id=731> 定金	类型	业务类,<answer id=731> 业务类
定金的类别是什么？,<triple id=732> 定金	类型	业务类,<answer id=732> 业务类
厂内交货价的含义是什么？,<triple id=733> 厂内交货价	含义	指钢厂或合同供方在钢厂内指定地点或仓库将货物交给合同需方处置即完成交货。合同价格是否含厂内吊费按双方合同约定。,<answer id=733> 指钢厂或合同供方在钢厂内指定地点或仓库将货物交给合同需方处置即完成交货。合同价格是否含厂内吊费按双方合同约定。
厂内交货价代表什么？,<triple id=736> 厂内交货价	含义	指钢厂或合同供方在钢厂内指定地点或仓库将货物交给合同需方处置即完成交货。合同价格是否含厂内吊费按双方合同约定。,<answer id=736> 指钢厂或合同供方在钢厂内指定地点或仓库将货物交给合同需方处置即完成交货。合同价格是否含厂内吊费按双方合同约定。
厂内交货价属于什么类别？,<triple id=741> 厂内交货价	类型	业务类,<answer id=741> 业务类
厂内交货价的类型是什么？,<triple id=742> 厂内交货价	类型	业务类,<answer id=742> 业务类
后结算代表什么？,<triple id=747> 后结算	含义	指不以当前合同价格（合同预付款价格）作为结算价格，而以双方按合同约定方式另行确认的价格作为实际结算价格的结算方式。,<answer id=747> 指不以当前合同价格（合同预付款价格）作为结算价格，而以双方按合同约定方式另行确认的价格作为实际结算价格的结算方式。
后结算指什么？,<triple id=748> 后结算	含义	指不以当前合同价格（合同预付款价格）作为结算价格，而以双方按合同约定方式另行确认的价格作为实际结算价格的结算方式。,<answer id=748> 指不以当前合同价格（合同预付款价格）作为结算价格，而以双方按合同约定方式另行确认的价格作为实际结算价格的结算方式。
怎么理解后结算？,<triple id=750> 后结算	含义	指不以当前合同价格（合同预付款价格）作为结算价格，而以双方按合同约定方式另行确认的价格作为实际结算价格的结算方式。,<answer id=750> 指不以当前合同价格（合同预付款价格）作为结算价格，而以双方按合同约定方式另行确认的价格作为实际结算价格的结算方式。
后结算属于什么类型？,<triple id=751> 后结算	类型	业务类,<answer id=751> 业务类
后结算的类型是什么？,<triple id=753> 后结算	类型	业务类,<answer id=753> 业务类
后结算的类别是什么？,<triple id=754> 后结算	类型	业务类,<answer id=754> 业务类
估值盯市的定义是什么？,<triple id=756> 估值盯市	含义	指按天对未结清的欧冶云商各产品进行估值，并将当日估值与合同生效当日的估值进行比对，计算出相较于合同生效日估值涨第86页跌幅比例的过程。,<answer id=756> 指按天对未结清的欧冶云商各产品进行估值，并将当日估值与合同生效当日的估值进行比对，计算出相较于合同生效日估值涨第86页跌幅比例的过程。
估值盯市是什么意思？,<triple id=757> 估值盯市	含义	指按天对未结清的欧冶云商各产品进行估值，并将当日估值与合同生效当日的估值进行比对，计算出相较于合同生效日估值涨第86页跌幅比例的过程。,<answer id=757> 指按天对未结清的欧冶云商各产品进行估值，并将当日估值与合同生效当日的估值进行比对，计算出相较于合同生效日估值涨第86页跌幅比例的过程。
估值盯市代表什么？,<triple id=758> 估值盯市	含义	指按天对未结清的欧冶云商各产品进行估值，并将当日估值与合同生效当日的估值进行比对，计算出相较于合同生效日估值涨第86页跌幅比例的过程。,<answer id=758> 指按天对未结清的欧冶云商各产品进行估值，并将当日估值与合同生效当日的估值进行比对，计算出相较于合同生效日估值涨第86页跌幅比例的过程。
估值盯市指什么？,<triple id=759> 估值盯市	含义	指按天对未结清的欧冶云商各产品进行估值，并将当日估值与合同生效当日的估值进行比对，计算出相较于合同生效日估值涨第86页跌幅比例的过程。,<answer id=759> 指按天对未结清的欧冶云商各产品进行估值，并将当日估值与合同生效当日的估值进行比对，计算出相较于合同生效日估值涨第86页跌幅比例的过程。
怎么解释估值盯市？,<triple id=760> 估值盯市	含义	指按天对未结清的欧冶云商各产品进行估值，并将当日估值与合同生效当日的估值进行比对，计算出相较于合同生效日估值涨第86页跌幅比例的过程。,<answer id=760> 指按天对未结清的欧冶云商各产品进行估值，并将当日估值与合同生效当日的估值进行比对，计算出相较于合同生效日估值涨第86页跌幅比例的过程。
跌价预警的含义是什么？,<triple id=766> 跌价预警	含义	指盯市过程中，某产品合同项下货物盯市的跌幅超过产品预设的比例，触发对该项业务补缴或处置的情形。,<answer id=766> 指盯市过程中，某产品合同项下货物盯市的跌幅超过产品预设的比例，触发对该项业务补缴或处置的情形。
跌价预警的定义是什么？,<triple id=767> 跌价预警	含义	指盯市过程中，某产品合同项下货物盯市的跌幅超过产品预设的比例，触发对该项业务补缴或处置的情形。,<answer id=767> 指盯市过程中，某产品合同项下货物盯市的跌幅超过产品预设的比例，触发对该项业务补缴或处置的情形。
跌价预警是什么意思？,<triple id=768> 跌价预警	含义	指盯市过程中，某产品合同项下货物盯市的跌幅超过产品预设的比例，触发对该项业务补缴或处置的情形。,<answer id=768> 指盯市过程中，某产品合同项下货物盯市的跌幅超过产品预设的比例，触发对该项业务补缴或处置的情形。
跌价预警代表什么？,<triple id=769> 跌价预警	含义	指盯市过程中，某产品合同项下货物盯市的跌幅超过产品预设的比例，触发对该项业务补缴或处置的情形。,<answer id=769> 指盯市过程中，某产品合同项下货物盯市的跌幅超过产品预设的比例，触发对该项业务补缴或处置的情形。
跌价预警指什么？,<triple id=770> 跌价预警	含义	指盯市过程中，某产品合同项下货物盯市的跌幅超过产品预设的比例，触发对该项业务补缴或处置的情形。,<answer id=770> 指盯市过程中，某产品合同项下货物盯市的跌幅超过产品预设的比例，触发对该项业务补缴或处置的情形。
怎么理解跌价预警？,<triple id=772> 跌价预警	含义	指盯市过程中，某产品合同项下货物盯市的跌幅超过产品预设的比例，触发对该项业务补缴或处置的情形。,<answer id=772> 指盯市过程中，某产品合同项下货物盯市的跌幅超过产品预设的比例，触发对该项业务补缴或处置的情形。
跌价预警的类型是什么？,<triple id=775> 跌价预警	类型	业务类,<answer id=775> 业务类
跌价预警的类别是什么？,<triple id=776> 跌价预警	类型	业务类,<answer id=776> 业务类
合同归档超期的含义是什么？,<triple id=777> 合同归档超期	含义	合同已生效，但未归档，以合同生效日期作为跟踪起始点。,<answer id=777> 合同已生效，但未归档，以合同生效日期作为跟踪起始点。
合同归档超期的定义是什么？,<triple id=778> 合同归档超期	含义	合同已生效，但未归档，以合同生效日期作为跟踪起始点。,<answer id=778> 合同已生效，但未归档，以合同生效日期作为跟踪起始点。
合同归档超期是什么意思？,<triple id=779> 合同归档超期	含义	合同已生效，但未归档，以合同生效日期作为跟踪起始点。,<answer id=779> 合同已生效，但未归档，以合同生效日期作为跟踪起始点。
合同归档超期代表什么？,<triple id=780> 合同归档超期	含义	合同已生效，但未归档，以合同生效日期作为跟踪起始点。,<answer id=780> 合同已生效，但未归档，以合同生效日期作为跟踪起始点。
合同归档超期指什么？,<triple id=781> 合同归档超期	含义	合同已生效，但未归档，以合同生效日期作为跟踪起始点。,<answer id=781> 合同已生效，但未归档，以合同生效日期作为跟踪起始点。
怎么解释合同归档超期？,<triple id=782> 合同归档超期	含义	合同已生效，但未归档，以合同生效日期作为跟踪起始点。,<answer id=782> 合同已生效，但未归档，以合同生效日期作为跟踪起始点。
合同归档超期属于什么类型？,<triple id=784> 合同归档超期	类型	业务类,<answer id=784> 业务类
合同归档超期的类别是什么？,<triple id=787> 合同归档超期	类型	业务类,<answer id=787> 业务类
客商准入是哪个部门负责的？,<triple id=790> 客商准入	负责角色	运营中心,<answer id=790> 运营中心
谁负责客商准入？,<triple id=791> 客商准入	负责角色	运营中心,<answer id=791> 运营中心
开立银行账户是哪个部门负责的？,<triple id=792> 开立银行账户	负责角色,<answer id=792>
谁负责物流服务商准入？,<triple id=795> 物流服务商准入	负责角色	欧冶物流,<answer id=795> 欧冶物流
授信管理是哪个部门负责的？,<triple id=796> 授信管理	负责角色	财务部,<answer id=796> 财务部
谁负责授信管理？,<triple id=797> 授信管理	负责角色	财务部,<answer id=797> 财务部
授权管理是哪个部门负责的？,<triple id=798> 授权管理	负责角色	交易事业部、地区公司、运营中心、欧冶物流,<answer id=798> 交易事业部、地区公司、运营中心、欧冶物流
谁负责授权管理？,<triple id=799> 授权管理	负责角色	交易事业部、地区公司、运营中心、欧冶物流,<answer id=799> 交易事业部、地区公司、运营中心、欧冶物流
谁负责三新业务模式审批？,<triple id=801> 三新业务模式审批	负责角色	交易事业部、地区公司、运营中心、欧冶物流、财务部,<answer id=801> 交易事业部、地区公司、运营中心、欧冶物流、财务部
合同年协备案是哪个部门负责的？,<triple id=802> 合同年协备案	负责角色	地区公司,<answer id=802> 地区公司
谁负责合同年协备案？,<triple id=803> 合同年协备案	负责角色	地区公司,<answer id=803> 地区公司
采购计划是哪个部门负责的？,<triple id=804> 采购计划	负责角色	交易事业部、财务部,<answer id=804> 交易事业部、财务部
谁负责购销评审？,<triple id=807> 购销评审	负责角色	运营中心,<answer id=807> 运营中心
合同管理是哪个部门负责的？,<triple id=808> 合同管理	负责角色	运营中心,<answer id=808> 运营中心
谁负责合同管理？,<triple id=809> 合同管理	负责角色	运营中心,<answer id=809> 运营中心
谁负责价格管理？,<triple id=813> 价格管理	负责角色	交易事业部、地区公司、运营中心,<answer id=813> 交易事业部、地区公司、运营中心
印章使用是哪个部门负责的？,<triple id=814> 印章使用	负责角色	欧冶物流、运营中心,<answer id=814> 欧冶物流、运营中心
谁负责估值盯市？,<triple id=817> 估值盯市	负责角色	运营中心,<answer id=817> 运营中心
谁负责资金计划？,<triple id=819> 资金计划	负责角色	地区公司,<answer id=819> 地区公司
付款申请是哪个部门负责的？,<triple id=820> 付款申请	负责角色	运营中心,<answer id=820> 运营中心
谁负责付款申请？,<triple id=821> 付款申请	负责角色	运营中心,<answer id=821> 运营中心
付款审批是哪个部门负责的？,<triple id=822> 付款审批	负责角色	财务部,<answer id=822> 财务部
谁负责付款审批？,<triple id=823> 付款审批	负责角色	财务部,<answer id=823> 财务部
票据是哪个部门负责的？,<triple id=824> 票据	负责角色	供应商、财务部,<answer id=824> 供应商、财务部
谁负责票据？,<triple id=825> 票据	负责角色	供应商、财务部,<answer id=825> 供应商、财务部
收付款控制是哪个部门负责的？,<triple id=826> 收付款控制	负责角色	供应商、财务部,<answer id=826> 供应商、财务部
谁负责收付款控制？,<triple id=827> 收付款控制	负责角色	供应商、财务部,<answer id=827> 供应商、财务部
谁负责货物入库？,<triple id=833> 货物入库	负责角色	欧冶物流,<answer id=833> 欧冶物流
仓库监管是哪个部门负责的？,<triple id=836> 仓库监管	负责角色	欧冶物流、地区公司,<answer id=836> 欧冶物流、地区公司
谁负责仓库监管？,<triple id=837> 仓库监管	负责角色	欧冶物流、地区公司,<answer id=837> 欧冶物流、地区公司
谁负责提货？,<triple id=839> 提货	负责角色	欧冶物流,<answer id=839> 欧冶物流
库存管理是哪个部门负责的？,<triple id=840> 库存管理	负责角色	地区公司,<answer id=840> 地区公司
谁负责采购结算？,<triple id=843> 采购结算	负责角色	运营中心,<answer id=843> 运营中心
销售结算是哪个部门负责的？,<triple id=846> 销售结算	负责角色	运营中心,<answer id=846> 运营中心
谁负责销售结算？,<triple id=847> 销售结算	负责角色	运营中心,<answer id=847> 运营中心
质量异议是哪个部门负责的？,<triple id=848> 质量异议	负责角色	欧冶物流,<answer id=848> 欧冶物流
谁负责质量异议？,<triple id=849> 质量异议	负责角色	欧冶物流,<answer id=849> 欧冶物流
谁负责毛利核算？,<triple id=851> 毛利核算	负责角色	运营中心,<answer id=851> 运营中心
用户对帐是哪个部门负责的？,<triple id=852> 用户对帐	负责角色	运营中心,<answer id=852> 运营中心
谁负责用户对帐？,<triple id=853> 用户对帐	负责角色	运营中心,<answer id=853> 运营中心
档案管理是哪个部门负责的？,<triple id=854> 档案管理	负责角色	运营中心,<answer id=854> 运营中心
谁负责档案管理？,<triple id=855> 档案管理	负责角色	运营中心,<answer id=855> 运营中心
业务准备涉及哪些内容？,<triple id=858> 业务准备	包含	业务洽谈,<answer id=858> 业务洽谈
业务准备包含哪些内容？,<triple id=859> 业务准备	包含	客商准入,<answer id=859> 客商准入
业务准备包括哪些内容？,<triple id=860> 业务准备	包含	客商准入,<answer id=860> 客商准入
业务准备涉及哪些内容？,<triple id=861> 业务准备	包含	客商准入,<answer id=861> 客商准入
业务准备包含哪些内容？,<triple id=862> 业务准备	包含	开立银行账户,<answer id=862> 开立银行账户
业务准备包括哪些内容？,<triple id=863> 业务准备	包含	开立银行账户,<answer id=863> 开立银行账户
业务准备涉及哪些内容？,<triple id=867> 业务准备	包含	物流服务商准入,<answer id=867> 物流服务商准入
业务准备包括哪些内容？,<triple id=869> 业务准备	包含	授信管理,<answer id=869> 授信管理
业务准备包含哪些内容？,<triple id=871> 业务准备	包含	授权管理,<answer id=871> 授权管理
业务准备包括哪些内容？,<triple id=872> 业务准备	包含	授权管理,<answer id=872> 授权管理
业务准备包含哪些内容？,<triple id=874> 业务准备	包含	三新业务模式审批,<answer id=874> 三新业务模式审批
业务准备涉及哪些内容？,<triple id=876> 业务准备	包含	三新业务模式审批,<answer id=876> 三新业务模式审批
业务准备包含哪些内容？,<triple id=877> 业务准备	包含	合同年协备案,<answer id=877> 合同年协备案
业务准备包括哪些内容？,<triple id=878> 业务准备	包含	合同年协备案,<answer id=878> 合同年协备案
购销合同包含哪些内容？,<triple id=880> 购销合同	包含	采购计划,<answer id=880> 采购计划
购销合同涉及哪些内容？,<triple id=882> 购销合同	包含	采购计划,<answer id=882> 采购计划
购销合同包含哪些内容？,<triple id=883> 购销合同	包含	购销评审,<answer id=883> 购销评审
购销合同涉及哪些内容？,<triple id=885> 购销合同	包含	购销评审,<answer id=885> 购销评审
购销合同包含哪些内容？,<triple id=886> 购销合同	包含	合同管理,<answer id=886> 合同管理
购销合同包含哪些内容？,<triple id=889> 购销合同	包含	合同变更,<answer id=889> 合同变更
购销合同包括哪些内容？,<triple id=890> 购销合同	包含	合同变更,<answer id=890> 合同变更
购销合同包含哪些内容？,<triple id=892> 购销合同	包含	价格管理,<answer id=892> 价格管理
购销合同涉及哪些内容？,<triple id=894> 购销合同	包含	价格管理,<answer id=894> 价格管理
购销合同涉及哪些内容？,<triple id=897> 购销合同	包含	印章使用,<answer id=897> 印章使用
购销合同包含哪些内容？,<triple id=898> 购销合同	包含	估值盯市,<answer id=898> 估值盯市
购销合同包括哪些内容？,<triple id=899> 购销合同	包含	估值盯市,<answer id=899> 估值盯市
购销合同涉及哪些内容？,<triple id=900> 购销合同	包含	估值盯市,<answer id=900> 估值盯市
收付款包含哪些内容？,<triple id=901> 收付款	包含	资金计划,<answer id=901> 资金计划
收付款包括哪些内容？,<triple id=902> 收付款	包含	资金计划,<answer id=902> 资金计划
收付款包含哪些内容？,<triple id=904> 收付款	包含	付款申请,<answer id=904> 付款申请
收付款包括哪些内容？,<triple id=905> 收付款	包含	付款申请,<answer id=905> 付款申请
收付款涉及哪些内容？,<triple id=906> 收付款	包含	付款申请,<answer id=906> 付款申请
收付款包含哪些内容？,<triple id=907> 收付款	包含	付款审批,<answer id=907> 付款审批
收付款涉及哪些内容？,<triple id=909> 收付款	包含	付款审批,<answer id=909> 付款审批
收付款包含哪些内容？,<triple id=910> 收付款	包含	票据,<answer id=910> 票据
收付款包括哪些内容？,<triple id=911> 收付款	包含	票据,<answer id=911> 票据
收付款涉及哪些内容？,<triple id=912> 收付款	包含	票据,<answer id=912> 票据
收付款包含哪些内容？,<triple id=913> 收付款	包含	收付款控制,<answer id=913> 收付款控制
收付款包括哪些内容？,<triple id=914> 收付款	包含	收付款控制,<answer id=914> 收付款控制
出入库涉及哪些内容？,<triple id=918> 出入库	包含	钢厂跟单,<answer id=918> 钢厂跟单
出入库包含哪些内容？,<triple id=919> 出入库	包含	在途管控,<answer id=919> 在途管控
出入库包括哪些内容？,<triple id=920> 出入库	包含	在途管控,<answer id=920> 在途管控
出入库包含哪些内容？,<triple id=922> 出入库	包含	货物入库,<answer id=922> 货物入库
出入库包括哪些内容？,<triple id=923> 出入库	包含	货物入库,<answer id=923> 货物入库
出入库涉及哪些内容？,<triple id=924> 出入库	包含	货物入库,<answer id=924> 货物入库
出入库涉及哪些内容？,<triple id=927> 出入库	包含	实物管理,<answer id=927> 实物管理
出入库包含哪些内容？,<triple id=928> 出入库	包含	仓库监管,<answer id=928> 仓库监管
出入库包括哪些内容？,<triple id=932> 出入库	包含	提货,<answer id=932> 提货
出入库包含哪些内容？,<triple id=934> 出入库	包含	库存管理,<answer id=934> 库存管理
出入库涉及哪些内容？,<triple id=936> 出入库	包含	库存管理,<answer id=936> 库存管理
购销结算包含哪些内容？,<triple id=940> 购销结算	包含	折扣,<answer id=940> 折扣
购销结算包括哪些内容？,<triple id=941> 购销结算	包含	折扣,<answer id=941> 折扣
业务完结包含哪些内容？,<triple id=946> 业务完结	包含	质量异议,<answer id=946> 质量异议
业务完结包括哪些内容？,<triple id=947> 业务完结	包含	质量异议,<answer id=947> 质量异议
业务完结包含哪些内容？,<triple id=949> 业务完结	包含	毛利核算,<answer id=949> 毛利核算
业务完结涉及哪些内容？,<triple id=951> 业务完结	包含	毛利核算,<answer id=951> 毛利核算
业务完结涉及哪些内容？,<triple id=954> 业务完结	包含	用户对帐,<answer id=954> 用户对帐
业务完结包含哪些内容？,<triple id=955> 业务完结	包含	档案管理,<answer id=955> 档案管理
业务完结包括哪些内容？,<triple id=956> 业务完结	包含	档案管理,<answer id=956> 档案管理
业务完结涉及哪些内容？,<triple id=957> 业务完结	包含	档案管理,<answer id=957> 档案管理
业务洽谈包含哪些内容？,<triple id=958> 业务洽谈	包含	合规性风险,<answer id=958> 合规性风险
业务洽谈包括哪些内容？,<triple id=959> 业务洽谈	包含	合规性风险,<answer id=959> 合规性风险
业务洽谈涉及哪些内容？,<triple id=960> 业务洽谈	包含	合规性风险,<answer id=960> 合规性风险
业务洽谈包括哪些内容？,<triple id=962> 业务洽谈	包含	业务人员职业素养,<answer id=962> 业务人员职业素养
业务洽谈包含哪些内容？,<triple id=964> 业务洽谈	包含	市场情报收集,<answer id=964> 市场情报收集
业务洽谈涉及哪些内容？,<triple id=966> 业务洽谈	包含	市场情报收集,<answer id=966> 市场情报收集
客商准入包含哪些内容？,<triple id=967> 客商准入	包含	供应商资质及资信材料,<answer id=967> 供应商资质及资信材料
客商准入包含哪些内容？,<triple id=970> 客商准入	包含	统购分销供方准入,<answer id=970> 统购分销供方准入
客商准入涉及哪些内容？,<triple id=972> 客商准入	包含	统购分销供方准入,<answer id=972> 统购分销供方准入
客商准入包括哪些内容？,<triple id=974> 客商准入	包含	客户管理,<answer id=974> 客户管理
客商准入涉及哪些内容？,<triple id=975> 客商准入	包含	客户管理,<answer id=975> 客户管理
客商准入包含哪些内容？,<triple id=976> 客商准入	包含	系统开户,<answer id=976> 系统开户
客商准入涉及哪些内容？,<triple id=978> 客商准入	包含	系统开户,<answer id=978> 系统开户
客商准入包含哪些内容？,<triple id=979> 客商准入	包含	与不良交易对象开展业务,<answer id=979> 与不良交易对象开展业务
客商准入包括哪些内容？,<triple id=980> 客商准入	包含	与不良交易对象开展业务,<answer id=980> 与不良交易对象开展业务
客商准入涉及哪些内容？,<triple id=981> 客商准入	包含	与不良交易对象开展业务,<answer id=981> 与不良交易对象开展业务
客商准入包括哪些内容？,<triple id=983> 客商准入	包含	钢厂货物信息获取,<answer id=983> 钢厂货物信息获取
客商准入涉及哪些内容？,<triple id=984> 客商准入	包含	钢厂货物信息获取,<answer id=984> 钢厂货物信息获取
客商准入涉及哪些内容？,<triple id=987> 客商准入	包含	统购分销供方复评,<answer id=987> 统购分销供方复评
物流服务商准入包含哪些内容？,<triple id=991> 物流服务商准入	包含	仓库准入,<answer id=991> 仓库准入
物流服务商准入包括哪些内容？,<triple id=992> 物流服务商准入	包含	仓库准入,<answer id=992> 仓库准入
物流服务商准入涉及哪些内容？,<triple id=993> 物流服务商准入	包含	仓库准入,<answer id=993> 仓库准入
物流服务商准入包含哪些内容？,<triple id=994> 物流服务商准入	包含	仓库选择,<answer id=994> 仓库选择
物流服务商准入包括哪些内容？,<triple id=995> 物流服务商准入	包含	仓库选择,<answer id=995> 仓库选择
物流服务商准入涉及哪些内容？,<triple id=996> 物流服务商准入	包含	仓库选择,<answer id=996> 仓库选择
物流服务商准入包含哪些内容？,<triple id=997> 物流服务商准入	包含	承运商准入,<answer id=997> 承运商准入
物流服务商准入包括哪些内容？,<triple id=998> 物流服务商准入	包含	承运商准入,<answer id=998> 承运商准入
物流服务商准入包含哪些内容？,<triple id=1000> 物流服务商准入	包含	承运商选择,<answer id=1000> 承运商选择
物流服务商准入涉及哪些内容？,<triple id=1002> 物流服务商准入	包含	承运商选择,<answer id=1002> 承运商选择
授信管理包含哪些内容？,<triple id=1003> 授信管理	包含	交易对象信用风险管理,<answer id=1003> 交易对象信用风险管理
授信管理包括哪些内容？,<triple id=1004> 授信管理	包含	交易对象信用风险管理,<answer id=1004> 交易对象信用风险管理
授信管理包括哪些内容？,<triple id=1007> 授信管理	包含	授信占用和释放的节点,<answer id=1007> 授信占用和释放的节点
授信管理涉及哪些内容？,<triple id=1008> 授信管理	包含	授信占用和释放的节点,<answer id=1008> 授信占用和释放的节点
授权管理包含哪些内容？,<triple id=1009> 授权管理	包含	产品业务系统权限分配,<answer id=1009> 产品业务系统权限分配
授权管理包含哪些内容？,<triple id=1012> 授权管理	包含	交易职责授权,<answer id=1012> 交易职责授权
授权管理包括哪些内容？,<triple id=1013> 授权管理	包含	交易职责授权,<answer id=1013> 交易职责授权
授权管理涉及哪些内容？,<triple id=1014> 授权管理	包含	交易职责授权,<answer id=1014> 交易职责授权
授权管理包含哪些内容？,<triple id=1015> 授权管理	包含	授权签约,<answer id=1015> 授权签约
授权管理包括哪些内容？,<triple id=1016> 授权管理	包含	授权签约,<answer id=1016> 授权签约
三新业务模式审批包括哪些内容？,<triple id=1019> 三新业务模式审批	包含	三新业务开展前的评估审批,<answer id=1019> 三新业务开展前的评估审批
合同年协备案包含哪些内容？,<triple id=1021> 合同年协备案	包含	非标合同条款,<answer id=1021> 非标合同条款
合同年协备案包括哪些内容？,<triple id=1022> 合同年协备案	包含	非标合同条款,<answer id=1022> 非标合同条款
合同年协备案涉及哪些内容？,<triple id=1023> 合同年协备案	包含	非标合同条款,<answer id=1023> 非标合同条款
合同年协备案涉及哪些内容？,<triple id=1026> 合同年协备案	包含	合同条款内容,<answer id=1026> 合同条款内容
合同年协备案涉及哪些内容？,<triple id=1029> 合同年协备案	包含	合同金额约定,<answer id=1029> 合同金额约定
采购计划包含哪些内容？,<triple id=1030> 采购计划	包含	采购计划风险,<answer id=1030> 采购计划风险
购销评审涉及哪些内容？,<triple id=1035> 购销评审	包含	采购复审,<answer id=1035> 采购复审
购销评审包含哪些内容？,<triple id=1036> 购销评审	包含	关联关系,<answer id=1036> 关联关系
购销评审包括哪些内容？,<triple id=1037> 购销评审	包含	关联关系,<answer id=1037> 关联关系
购销评审涉及哪些内容？,<triple id=1038> 购销评审	包含	关联关系,<answer id=1038> 关联关系
购销评审包含哪些内容？,<triple id=1039> 购销评审	包含	采购审批,<answer id=1039> 采购审批
购销评审包括哪些内容？,<triple id=1040> 购销评审	包含	采购审批,<answer id=1040> 采购审批
购销评审涉及哪些内容？,<triple id=1041> 购销评审	包含	采购审批,<answer id=1041> 采购审批
合同管理涉及哪些内容？,<triple id=1044> 合同管理	包含	销售合同签约,<answer id=1044> 销售合同签约
合同管理包含哪些内容？,<triple id=1045> 合同管理	包含	销售合同文本关键用词,<answer id=1045> 销售合同文本关键用词
合同管理涉及哪些内容？,<triple id=1047> 合同管理	包含	销售合同文本关键用词,<answer id=1047> 销售合同文本关键用词
合同变更包含哪些内容？,<triple id=1048> 合同变更	包含	合同变更风险,<answer id=1048> 合同变更风险
合同变更包括哪些内容？,<triple id=1049> 合同变更	包含	合同变更风险,<answer id=1049> 合同变更风险
合同变更涉及哪些内容？,<triple id=1050> 合同变更	包含	合同变更风险,<answer id=1050> 合同变更风险
价格管理包括哪些内容？,<triple id=1055> 价格管理	包含	挂牌价格风险,<answer id=1055> 挂牌价格风险
印章使用包含哪些内容？,<triple id=1057> 印章使用	包含	印章使用风险,<answer id=1057> 印章使用风险
印章使用包括哪些内容？,<triple id=1058> 印章使用	包含	印章使用风险,<answer id=1058> 印章使用风险
估值盯市包括哪些内容？,<triple id=1061> 估值盯市	包含	跌价风险,<answer id=1061> 跌价风险
资金计划包括哪些内容？,<triple id=1064> 资金计划	包含	资金计划风险,<answer id=1064> 资金计划风险
付款申请包含哪些内容？,<triple id=1066> 付款申请	包含	付款申请的发起,<answer id=1066> 付款申请的发起
付款申请涉及哪些内容？,<triple id=1068> 付款申请	包含	付款申请的发起,<answer id=1068> 付款申请的发起
付款申请包含哪些内容？,<triple id=1069> 付款申请	包含	供方自由款及时使用,<answer id=1069> 供方自由款及时使用
付款申请包括哪些内容？,<triple id=1070> 付款申请	包含	供方自由款及时使用,<answer id=1070> 供方自由款及时使用
付款申请涉及哪些内容？,<triple id=1071> 付款申请	包含	供方自由款及时使用,<answer id=1071> 供方自由款及时使用
付款审批包括哪些内容？,<triple id=1073> 付款审批	包含	供应商授信逾期超额,<answer id=1073> 供应商授信逾期超额
付款审批包含哪些内容？,<triple id=1075> 付款审批	包含	采用线下付款方式,<answer id=1075> 采用线下付款方式
付款审批包括哪些内容？,<triple id=1076> 付款审批	包含	采用线下付款方式,<answer id=1076> 采用线下付款方式
付款审批涉及哪些内容？,<triple id=1077> 付款审批	包含	采用线下付款方式,<answer id=1077> 采用线下付款方式
付款审批包括哪些内容？,<triple id=1079> 付款审批	包含	审批及拨付为同一人,<answer id=1079> 审批及拨付为同一人
付款审批包括哪些内容？,<triple id=1082> 付款审批	包含	代收代付资金未取得相关证明,<answer id=1082> 代收代付资金未取得相关证明
付款审批涉及哪些内容？,<triple id=1083> 付款审批	包含	代收代付资金未取得相关证明,<answer id=1083> 代收代付资金未取得相关证明
票据包含哪些内容？,<triple id=1084> 票据	包含	现款和银票混配,<answer id=1084> 现款和银票混配
票据包括哪些内容？,<triple id=1085> 票据	包含	现款和银票混配,<answer id=1085> 现款和银票混配
票据涉及哪些内容？,<triple id=1086> 票据	包含	现款和银票混配,<answer id=1086> 现款和银票混配
票据涉及哪些内容？,<triple id=1089> 票据	包含	票据运作,<answer id=1089> 票据运作
票据涉及哪些内容？,<triple id=1092> 票据	包含	票据折现,<answer id=1092> 票据折现
票据包含哪些内容？,<triple id=1093> 票据	包含	票据收取,<answer id=1093> 票据收取
票据包括哪些内容？,<triple id=1094> 票据	包含	票据收取,<answer id=1094> 票据收取
收付款控制包含哪些内容？,<triple id=1096> 收付款控制	包含	分批付款,<answer id=1096> 分批付款
收付款控制涉及哪些内容？,<triple id=1098> 收付款控制	包含	分批付款,<answer id=1098> 分批付款
收付款控制包括哪些内容？,<triple id=1100> 收付款控制	包含	资金释放,<answer id=1100> 资金释放
钢厂跟单包含哪些内容？,<triple id=1105> 钢厂跟单	包含	钢厂跟单风险,<answer id=1105> 钢厂跟单风险
钢厂跟单包含哪些内容？,<triple id=1108> 钢厂跟单	包含	钢厂超发或欠发,<answer id=1108> 钢厂超发或欠发
钢厂跟单涉及哪些内容？,<triple id=1110> 钢厂跟单	包含	钢厂超发或欠发,<answer id=1110> 钢厂超发或欠发
钢厂跟单包含哪些内容？,<triple id=1111> 钢厂跟单	包含	发货指令传递,<answer id=1111> 发货指令传递
在途管控包含哪些内容？,<triple id=1117> 在途管控	包含	运输环节,<answer id=1117> 运输环节
在途管控包括哪些内容？,<triple id=1118> 在途管控	包含	运输环节,<answer id=1118> 运输环节
在途管控涉及哪些内容？,<triple id=1119> 在途管控	包含	运输环节,<answer id=1119> 运输环节
货物入库包含哪些内容？,<triple id=1120> 货物入库	包含	货物入库风险,<answer id=1120> 货物入库风险
货物入库包括哪些内容？,<triple id=1121> 货物入库	包含	货物入库风险,<answer id=1121> 货物入库风险
仓库监管包含哪些内容？,<triple id=1126> 仓库监管	包含	仓库监管风险,<answer id=1126> 仓库监管风险
仓库监管包括哪些内容？,<triple id=1127> 仓库监管	包含	仓库监管风险,<answer id=1127> 仓库监管风险
仓库监管包括哪些内容？,<triple id=1130> 仓库监管	包含	应急处置,<answer id=1130> 应急处置
仓库监管涉及哪些内容？,<triple id=1131> 仓库监管	包含	应急处置,<answer id=1131> 应急处置
提货包含哪些内容？,<triple id=1132> 提货	包含	货物出库,<answer id=1132> 货物出库
库存管理包含哪些内容？,<triple id=1135> 库存管理	包含	库存超期,<answer id=1135> 库存超期
库存管理包括哪些内容？,<triple id=1136> 库存管理	包含	库存超期,<answer id=1136> 库存超期
采购结算包含哪些内容？,<triple id=1138> 采购结算	包含	结算价格,<answer id=1138> 结算价格
采购结算包括哪些内容？,<triple id=1139> 采购结算	包含	结算价格,<answer id=1139> 结算价格
采购结算包括哪些内容？,<triple id=1142> 采购结算	包含	采购发票,<answer id=1142> 采购发票
采购结算涉及哪些内容？,<triple id=1143> 采购结算	包含	采购发票,<answer id=1143> 采购发票
采购结算包括哪些内容？,<triple id=1145> 采购结算	包含	增值税进销项管理,<answer id=1145> 增值税进销项管理
采购结算涉及哪些内容？,<triple id=1146> 采购结算	包含	增值税进销项管理,<answer id=1146> 增值税进销项管理
采购结算包含哪些内容？,<triple id=1147> 采购结算	包含	采购结算风险,<answer id=1147> 采购结算风险
采购结算涉及哪些内容？,<triple id=1149> 采购结算	包含	采购结算风险,<answer id=1149> 采购结算风险
折扣包括哪些内容？,<triple id=1151> 折扣	包含	采购价差核对,<answer id=1151> 采购价差核对
折扣包括哪些内容？,<triple id=1154> 折扣	包含	客户折扣生成,<answer id=1154> 客户折扣生成
销售结算涉及哪些内容？,<triple id=1158> 销售结算	包含	销售发票结算,<answer id=1158> 销售发票结算
质量异议包含哪些内容？,<triple id=1159> 质量异议	包含	质量异议风险,<answer id=1159> 质量异议风险
质量异议包括哪些内容？,<triple id=1160> 质量异议	包含	质量异议风险,<answer id=1160> 质量异议风险
质量异议涉及哪些内容？,<triple id=1161> 质量异议	包含	质量异议风险,<answer id=1161> 质量异议风险
毛利核算包含哪些内容？,<triple id=1162> 毛利核算	包含	毛利核算风险,<answer id=1162> 毛利核算风险
毛利核算包括哪些内容？,<triple id=1163> 毛利核算	包含	毛利核算风险,<answer id=1163> 毛利核算风险
用户对帐包括哪些内容？,<triple id=1166> 用户对帐	包含	定期对账,<answer id=1166> 定期对账
用户对帐包含哪些内容？,<triple id=1168> 用户对帐	包含	钢厂余款处理,<answer id=1168> 钢厂余款处理
用户对帐涉及哪些内容？,<triple id=1170> 用户对帐	包含	钢厂余款处理,<answer id=1170> 钢厂余款处理
用户对帐包含哪些内容？,<triple id=1171> 用户对帐	包含	客户退款,<answer id=1171> 客户退款
用户对帐包括哪些内容？,<triple id=1172> 用户对帐	包含	客户退款,<answer id=1172> 客户退款
档案管理包含哪些内容？,<triple id=1174> 档案管理	包含	合同结案,<answer id=1174> 合同结案
档案管理涉及哪些内容？,<triple id=1176> 档案管理	包含	合同结案,<answer id=1176> 合同结案
档案管理包含哪些内容？,<triple id=1177> 档案管理	包含	业务归档,<answer id=1177> 业务归档
档案管理包括哪些内容？,<triple id=1178> 档案管理	包含	业务归档,<answer id=1178> 业务归档
入库超期未提的含义是什么？,<triple id=1180> 入库超期未提	含义	限于已入实体库的未提货物跟踪。有去向业务：下游用户在约定的提货期内仍没有提货的预警。提货期按销售合同的最后付款日期2：有去向超期天数=当前日期-最后付款日期2无去向业务：按约定超过库龄天数（目前为60天）起，进行超期天数跟踪:无去向超期天数=实际库龄,<answer id=1180> 限于已入实体库的未提货物跟踪。有去向业务：下游用户在约定的提货期内仍没有提货的预警。提货期按销售合同的最后付款日期2：有去向超期天数=当前日期-最后付款日期2无去向业务：按约定超过库龄天数（目前为60天）起，进行超期天数跟踪:无去向超期天数=实际库龄
入库超期未提的定义是什么？,<triple id=1181> 入库超期未提	含义	限于已入实体库的未提货物跟踪。有去向业务：下游用户在约定的提货期内仍没有提货的预警。提货期按销售合同的最后付款日期2：有去向超期天数=当前日期-最后付款日期2无去向业务：按约定超过库龄天数（目前为60天）起，进行超期天数跟踪:无去向超期天数=实际库龄,<answer id=1181> 限于已入实体库的未提货物跟踪。有去向业务：下游用户在约定的提货期内仍没有提货的预警。提货期按销售合同的最后付款日期2：有去向超期天数=当前日期-最后付款日期2无去向业务：按约定超过库龄天数（目前为60天）起，进行超期天数跟踪:无去向超期天数=实际库龄
入库超期未提是什么意思？,<triple id=1182> 入库超期未提	含义	限于已入实体库的未提货物跟踪。有去向业务：下游用户在约定的提货期内仍没有提货的预警。提货期按销售合同的最后付款日期2：有去向超期天数=当前日期-最后付款日期2无去向业务：按约定超过库龄天数（目前为60天）起，进行超期天数跟踪:无去向超期天数=实际库龄,<answer id=1182> 限于已入实体库的未提货物跟踪。有去向业务：下游用户在约定的提货期内仍没有提货的预警。提货期按销售合同的最后付款日期2：有去向超期天数=当前日期-最后付款日期2无去向业务：按约定超过库龄天数（目前为60天）起，进行超期天数跟踪:无去向超期天数=实际库龄
入库超期未提代表什么？,<triple id=1183> 入库超期未提	含义	限于已入实体库的未提货物跟踪。有去向业务：下游用户在约定的提货期内仍没有提货的预警。提货期按销售合同的最后付款日期2：有去向超期天数=当前日期-最后付款日期2无去向业务：按约定超过库龄天数（目前为60天）起，进行超期天数跟踪:无去向超期天数=实际库龄,<answer id=1183> 限于已入实体库的未提货物跟踪。有去向业务：下游用户在约定的提货期内仍没有提货的预警。提货期按销售合同的最后付款日期2：有去向超期天数=当前日期-最后付款日期2无去向业务：按约定超过库龄天数（目前为60天）起，进行超期天数跟踪:无去向超期天数=实际库龄
怎么理解入库超期未提？,<triple id=1186> 入库超期未提	含义	限于已入实体库的未提货物跟踪。有去向业务：下游用户在约定的提货期内仍没有提货的预警。提货期按销售合同的最后付款日期2：有去向超期天数=当前日期-最后付款日期2无去向业务：按约定超过库龄天数（目前为60天）起，进行超期天数跟踪:无去向超期天数=实际库龄,<answer id=1186> 限于已入实体库的未提货物跟踪。有去向业务：下游用户在约定的提货期内仍没有提货的预警。提货期按销售合同的最后付款日期2：有去向超期天数=当前日期-最后付款日期2无去向业务：按约定超过库龄天数（目前为60天）起，进行超期天数跟踪:无去向超期天数=实际库龄
入库超期未提在什么时候会发生红色预警？,<triple id=1187> 入库超期未提	红色预警	1.有去向业务：30天〈有去向超期天数2. 无去向业务：60天«库龄,<answer id=1187> 1.有去向业务：30天〈有去向超期天数2. 无去向业务：60天«库龄
入库超期未提的红色预警是什么？,<triple id=1188> 入库超期未提	红色预警	1.有去向业务：30天〈有去向超期天数2. 无去向业务：60天«库龄,<answer id=1188> 1.有去向业务：30天〈有去向超期天数2. 无去向业务：60天«库龄
入库超期未提在什么时候会发生橙色预警？,<triple id=1189> 入库超期未提	橙色预警	1.有去向业务：15天＜有去向超期天数≤30天2. 无去向业务：30天〈库龄≤60天,<answer id=1189> 1.有去向业务：15天＜有去向超期天数≤30天2. 无去向业务：30天〈库龄≤60天
入库超期未提的橙色预警是什么？,<triple id=1190> 入库超期未提	橙色预警	1.有去向业务：15天＜有去向超期天数≤30天2. 无去向业务：30天〈库龄≤60天,<answer id=1190> 1.有去向业务：15天＜有去向超期天数≤30天2. 无去向业务：30天〈库龄≤60天
入库超期未提在什么时候会发生蓝色预警？,<triple id=1191> 入库超期未提	蓝色预警	0 天＜库龄（需排除黄橙红）说明：表示货物一旦入库就进入未提货跟踪。,<answer id=1191> 0 天＜库龄（需排除黄橙红）说明：表示货物一旦入库就进入未提货跟踪。
入库超期未提在什么时候会发生黄色预警？,<triple id=1193> 入库超期未提	黄色预警	1.有去向业务：0（有去向超期天数≤15天2. 无去向业务：0天(库龄≤30天 所有在库量,<answer id=1193> 1.有去向业务：0（有去向超期天数≤15天2. 无去向业务：0天(库龄≤30天 所有在库量
入库超期未提的黄色预警是什么？,<triple id=1194> 入库超期未提	黄色预警	1.有去向业务：0（有去向超期天数≤15天2. 无去向业务：0天(库龄≤30天 所有在库量,<answer id=1194> 1.有去向业务：0（有去向超期天数≤15天2. 无去向业务：0天(库龄≤30天 所有在库量
入库超期未提属于什么类型？,<triple id=1195> 入库超期未提	类型	物流类,<answer id=1195> 物流类
交货超期的含义是什么？,<triple id=1199> 交货超期	含义	上游供方超交货期没交货，以采购合同约定的预计最迟交货日期为判断点,<answer id=1199> 上游供方超交货期没交货，以采购合同约定的预计最迟交货日期为判断点
交货超期是什么意思？,<triple id=1201> 交货超期	含义	上游供方超交货期没交货，以采购合同约定的预计最迟交货日期为判断点,<answer id=1201> 上游供方超交货期没交货，以采购合同约定的预计最迟交货日期为判断点
交货超期代表什么？,<triple id=1202> 交货超期	含义	上游供方超交货期没交货，以采购合同约定的预计最迟交货日期为判断点,<answer id=1202> 上游供方超交货期没交货，以采购合同约定的预计最迟交货日期为判断点
交货超期指什么？,<triple id=1203> 交货超期	含义	上游供方超交货期没交货，以采购合同约定的预计最迟交货日期为判断点,<answer id=1203> 上游供方超交货期没交货，以采购合同约定的预计最迟交货日期为判断点
怎么理解交货超期？,<triple id=1205> 交货超期	含义	上游供方超交货期没交货，以采购合同约定的预计最迟交货日期为判断点,<answer id=1205> 上游供方超交货期没交货，以采购合同约定的预计最迟交货日期为判断点
交货超期在什么时候会发生红色预警？,<triple id=1206> 交货超期	红色预警	60天＜超期天,<answer id=1206> 60天＜超期天
交货超期的红色预警是什么？,<triple id=1207> 交货超期	红色预警	60天＜超期天,<answer id=1207> 60天＜超期天
交货超期在什么时候会发生橙色预警？,<triple id=1208> 交货超期	橙色预警	30天＜超期天≤60天,<answer id=1208> 30天＜超期天≤60天
交货超期在什么时候会发生蓝色预警？,<triple id=1210> 交货超期	蓝色预警	-15 天＜超期天≤0天说明：-15 天表示离交货期还有15天,<answer id=1210> -15 天＜超期天≤0天说明：-15 天表示离交货期还有15天
交货超期在什么时候会发生黄色预警？,<triple id=1212> 交货超期	黄色预警	0天＜超期天≤30天,<answer id=1212> 0天＜超期天≤30天
交货超期的黄色预警是什么？,<triple id=1213> 交货超期	黄色预警	0天＜超期天≤30天,<answer id=1213> 0天＜超期天≤30天
交货超期属于什么类型？,<triple id=1214> 交货超期	类型	物流类,<answer id=1214> 物流类
交货超期属于什么类别？,<triple id=1215> 交货超期	类型	物流类,<answer id=1215> 物流类
交货超期的类型是什么？,<triple id=1216> 交货超期	类型	物流类,<answer id=1216> 物流类
交货超期的类别是什么？,<triple id=1217> 交货超期	类型	物流类,<answer id=1217> 物流类
进项超期的含义是什么？,<triple id=1218> 进项超期	含义	上游供方货物已发货，但未开制进项发票；以系统入库日期作为起始点,<answer id=1218> 上游供方货物已发货，但未开制进项发票；以系统入库日期作为起始点
进项超期是什么意思？,<triple id=1220> 进项超期	含义	上游供方货物已发货，但未开制进项发票；以系统入库日期作为起始点,<answer id=1220> 上游供方货物已发货，但未开制进项发票；以系统入库日期作为起始点
进项超期代表什么？,<triple id=1221> 进项超期	含义	上游供方货物已发货，但未开制进项发票；以系统入库日期作为起始点,<answer id=1221> 上游供方货物已发货，但未开制进项发票；以系统入库日期作为起始点
进项超期指什么？,<triple id=1222> 进项超期	含义	上游供方货物已发货，但未开制进项发票；以系统入库日期作为起始点,<answer id=1222> 上游供方货物已发货，但未开制进项发票；以系统入库日期作为起始点
怎么解释进项超期？,<triple id=1223> 进项超期	含义	上游供方货物已发货，但未开制进项发票；以系统入库日期作为起始点,<answer id=1223> 上游供方货物已发货，但未开制进项发票；以系统入库日期作为起始点
怎么理解进项超期？,<triple id=1224> 进项超期	含义	上游供方货物已发货，但未开制进项发票；以系统入库日期作为起始点,<answer id=1224> 上游供方货物已发货，但未开制进项发票；以系统入库日期作为起始点
进项超期的红色预警是什么？,<triple id=1226> 进项超期	红色预警	60天〈进项超期天,<answer id=1226> 60天〈进项超期天
进项超期在什么时候会发生橙色预警？,<triple id=1227> 进项超期	橙色预警	45 天〈进项超期天≤60天,<answer id=1227> 45 天〈进项超期天≤60天
进项超期在什么时候会发生蓝色预警？,<triple id=1229> 进项超期	蓝色预警	进项超期天≤30天说明：进项超期天=当前日期入库日期,<answer id=1229> 进项超期天≤30天说明：进项超期天=当前日期入库日期
进项超期在什么时候会发生黄色预警？,<triple id=1231> 进项超期	黄色预警	30天‹进项超期天≤45天,<answer id=1231> 30天‹进项超期天≤45天
进项超期的黄色预警是什么？,<triple id=1232> 进项超期	黄色预警	30天‹进项超期天≤45天,<answer id=1232> 30天‹进项超期天≤45天
进项超期属于什么类别？,<triple id=1234> 进项超期	类型	业务类,<answer id=1234> 业务类
进项超期的类型是什么？,<triple id=1235> 进项超期	类型	业务类,<answer id=1235> 业务类
进项超期的类别是什么？,<triple id=1236> 进项超期	类型	业务类,<answer id=1236> 业务类
库存预警的含义是什么？,<triple id=1237> 库存预警	含义	按实物库龄和库存量，汇总到下游客户进行预警，以系统实物入库日期为起始点。,<answer id=1237> 按实物库龄和库存量，汇总到下游客户进行预警，以系统实物入库日期为起始点。
库存预警是什么意思？,<triple id=1239> 库存预警	含义	按实物库龄和库存量，汇总到下游客户进行预警，以系统实物入库日期为起始点。,<answer id=1239> 按实物库龄和库存量，汇总到下游客户进行预警，以系统实物入库日期为起始点。
库存预警指什么？,<triple id=1241> 库存预警	含义	按实物库龄和库存量，汇总到下游客户进行预警，以系统实物入库日期为起始点。,<answer id=1241> 按实物库龄和库存量，汇总到下游客户进行预警，以系统实物入库日期为起始点。
怎么解释库存预警？,<triple id=1242> 库存预警	含义	按实物库龄和库存量，汇总到下游客户进行预警，以系统实物入库日期为起始点。,<answer id=1242> 按实物库龄和库存量，汇总到下游客户进行预警，以系统实物入库日期为起始点。
怎么理解库存预警？,<triple id=1243> 库存预警	含义	按实物库龄和库存量，汇总到下游客户进行预警，以系统实物入库日期为起始点。,<answer id=1243> 按实物库龄和库存量，汇总到下游客户进行预警，以系统实物入库日期为起始点。
库存预警的红色预警是什么？,<triple id=1245> 库存预警	红色预警	90 天<库龄,<answer id=1245> 90 天<库龄
库存预警在什么时候会发生橙色预警？,<triple id=1246> 库存预警	橙色预警	1、60天〈库龄≤90天,<answer id=1246> 1、60天〈库龄≤90天
库存预警的橙色预警是什么？,<triple id=1247> 库存预警	橙色预警	1、60天〈库龄≤90天,<answer id=1247> 1、60天〈库龄≤90天
库存预警的蓝色预警是什么？,<triple id=1249> 库存预警	蓝色预警	0 天＜库龄≤30天 所有在库量,<answer id=1249> 0 天＜库龄≤30天 所有在库量
库存预警在什么时候会发生黄色预警？,<triple id=1250> 库存预警	黄色预警	1.30天＜库龄≤60天 所有在库量,<answer id=1250> 1.30天＜库龄≤60天 所有在库量
库存预警的黄色预警是什么？,<triple id=1251> 库存预警	黄色预警	1.30天＜库龄≤60天 所有在库量,<answer id=1251> 1.30天＜库龄≤60天 所有在库量
库存预警属于什么类别？,<triple id=1253> 库存预警	类型	物流类,<answer id=1253> 物流类
库存预警的类型是什么？,<triple id=1254> 库存预警	类型	物流类,<answer id=1254> 物流类
库存预警的类别是什么？,<triple id=1255> 库存预警	类型	物流类,<answer id=1255> 物流类
授信逾期超额的含义是什么？,<triple id=1256> 授信逾期超额	含义	逾期：是指授信超过期限仍占用的情况；超额：是指授信占用超授信额度的情况,<answer id=1256> 逾期：是指授信超过期限仍占用的情况；超额：是指授信占用超授信额度的情况
授信逾期超额是什么意思？,<triple id=1258> 授信逾期超额	含义	逾期：是指授信超过期限仍占用的情况；超额：是指授信占用超授信额度的情况,<answer id=1258> 逾期：是指授信超过期限仍占用的情况；超额：是指授信占用超授信额度的情况
授信逾期超额代表什么？,<triple id=1259> 授信逾期超额	含义	逾期：是指授信超过期限仍占用的情况；超额：是指授信占用超授信额度的情况,<answer id=1259> 逾期：是指授信超过期限仍占用的情况；超额：是指授信占用超授信额度的情况
授信逾期超额指什么？,<triple id=1260> 授信逾期超额	含义	逾期：是指授信超过期限仍占用的情况；超额：是指授信占用超授信额度的情况,<answer id=1260> 逾期：是指授信超过期限仍占用的情况；超额：是指授信占用超授信额度的情况
怎么解释授信逾期超额？,<triple id=1261> 授信逾期超额	含义	逾期：是指授信超过期限仍占用的情况；超额：是指授信占用超授信额度的情况,<answer id=1261> 逾期：是指授信超过期限仍占用的情况；超额：是指授信占用超授信额度的情况
怎么理解授信逾期超额？,<triple id=1262> 授信逾期超额	含义	逾期：是指授信超过期限仍占用的情况；超额：是指授信占用超授信额度的情况,<answer id=1262> 逾期：是指授信超过期限仍占用的情况；超额：是指授信占用超授信额度的情况
授信逾期超额的红色预警是什么？,<triple id=1264> 授信逾期超额	红色预警	1、60天〈授信逾期2、超额的情况说明：以上二个条件符合任意一个即为红色预警,<answer id=1264> 1、60天〈授信逾期2、超额的情况说明：以上二个条件符合任意一个即为红色预警
授信逾期超额在什么时候会发生橙色预警？,<triple id=1265> 授信逾期超额	橙色预警	30天〈授信逾期≤60天,<answer id=1265> 30天〈授信逾期≤60天
授信逾期超额的橙色预警是什么？,<triple id=1266> 授信逾期超额	橙色预警	30天〈授信逾期≤60天,<answer id=1266> 30天〈授信逾期≤60天
授信逾期超额在什么时候会发生蓝色预警？,<triple id=1267> 授信逾期超额	蓝色预警	-15 天〈授信逾期≤0天说明：-15 天表示离授信期限还有15天,<answer id=1267> -15 天〈授信逾期≤0天说明：-15 天表示离授信期限还有15天
授信逾期超额的蓝色预警是什么？,<triple id=1268> 授信逾期超额	蓝色预警	-15 天〈授信逾期≤0天说明：-15 天表示离授信期限还有15天,<answer id=1268> -15 天〈授信逾期≤0天说明：-15 天表示离授信期限还有15天
授信逾期超额在什么时候会发生黄色预警？,<triple id=1269> 授信逾期超额	黄色预警	1、0天<授信逾期≤30天所有授信占用说明：以上二个条件符合任意一个即为黄色预警,<answer id=1269> 1、0天<授信逾期≤30天所有授信占用说明：以上二个条件符合任意一个即为黄色预警
授信逾期超额属于什么类型？,<triple id=1271> 授信逾期超额	类型	信用类,<answer id=1271> 信用类
授信逾期超额属于什么类别？,<triple id=1272> 授信逾期超额	类型	信用类,<answer id=1272> 信用类
授信逾期超额的类型是什么？,<triple id=1273> 授信逾期超额	类型	信用类,<answer id=1273> 信用类
授信逾期超额的类别是什么？,<triple id=1274> 授信逾期超额	类型	信用类,<answer id=1274> 信用类
销项超期代表什么？,<triple id=1278> 销项超期	含义	货物已销售出库，但未开制销项发票，以系统出库日期作为起始点,<answer id=1278> 货物已销售出库，但未开制销项发票，以系统出库日期作为起始点
怎么解释销项超期？,<triple id=1280> 销项超期	含义	货物已销售出库，但未开制销项发票，以系统出库日期作为起始点,<answer id=1280> 货物已销售出库，但未开制销项发票，以系统出库日期作为起始点
销项超期在什么时候会发生红色预警？,<triple id=1282> 销项超期	红色预警,<answer id=1282>
销项超期的红色预警是什么？,<triple id=1283> 销项超期	红色预警,<answer id=1283>
销项超期在什么时候会发生蓝色预警？,<triple id=1286> 销项超期	蓝色预警	0天＜销项超期天≤30天,<answer id=1286> 0天＜销项超期天≤30天
销项超期在什么时候会发生黄色预警？,<triple id=1288> 销项超期	黄色预警	30 天〈销项超期天≤60天,<answer id=1288> 30 天〈销项超期天≤60天
销项超期的黄色预警是什么？,<triple id=1289> 销项超期	黄色预警	30 天〈销项超期天≤60天,<answer id=1289> 30 天〈销项超期天≤60天
销项超期属于什么类型？,<triple id=1290> 销项超期	类型	业务类,<answer id=1290> 业务类
销项超期属于什么类别？,<triple id=1291> 销项超期	类型	业务类,<answer id=1291> 业务类
销项超期的类型是什么？,<triple id=1292> 销项超期	类型	业务类,<answer id=1292> 业务类
销项超期的类别是什么？,<triple id=1293> 销项超期	类型	业务类,<answer id=1293> 业务类
